CREATE DATABASE  IF NOT EXISTS `terrabikes_bi` /*!40100 DEFAULT CHARACTER SET utf8mb4 COLLATE utf8mb4_0900_ai_ci */ /*!80016 DEFAULT ENCRYPTION='N' */;
USE `terrabikes_bi`;
-- MySQL dump 10.13  Distrib 8.0.34, for macos13 (x86_64)
--
-- Host: localhost    Database: terrabikes_bi
-- ------------------------------------------------------
-- Server version	8.1.0

/*!40101 SET @OLD_CHARACTER_SET_CLIENT=@@CHARACTER_SET_CLIENT */;
/*!40101 SET @OLD_CHARACTER_SET_RESULTS=@@CHARACTER_SET_RESULTS */;
/*!40101 SET @OLD_COLLATION_CONNECTION=@@COLLATION_CONNECTION */;
/*!50503 SET NAMES utf8 */;
/*!40103 SET @OLD_TIME_ZONE=@@TIME_ZONE */;
/*!40103 SET TIME_ZONE='+00:00' */;
/*!40014 SET @OLD_UNIQUE_CHECKS=@@UNIQUE_CHECKS, UNIQUE_CHECKS=0 */;
/*!40014 SET @OLD_FOREIGN_KEY_CHECKS=@@FOREIGN_KEY_CHECKS, FOREIGN_KEY_CHECKS=0 */;
/*!40101 SET @OLD_SQL_MODE=@@SQL_MODE, SQL_MODE='NO_AUTO_VALUE_ON_ZERO' */;
/*!40111 SET @OLD_SQL_NOTES=@@SQL_NOTES, SQL_NOTES=0 */;

--
-- Table structure for table `Calendar`
--

DROP TABLE IF EXISTS `Calendar`;
/*!40101 SET @saved_cs_client     = @@character_set_client */;
/*!50503 SET character_set_client = utf8mb4 */;
CREATE TABLE `Calendar` (
  `Calendar_Key` int NOT NULL AUTO_INCREMENT,
  `Full_Date` date NOT NULL,
  `Year` int NOT NULL,
  `Month` int NOT NULL,
  `Qtr` int NOT NULL,
  `day_of_month` int NOT NULL,
  `Week` int NOT NULL,
  PRIMARY KEY (`Calendar_Key`)
) ENGINE=InnoDB AUTO_INCREMENT=1024 DEFAULT CHARSET=utf8mb4 COLLATE=utf8mb4_0900_ai_ci;
/*!40101 SET character_set_client = @saved_cs_client */;

--
-- Dumping data for table `Calendar`
--

LOCK TABLES `Calendar` WRITE;
/*!40000 ALTER TABLE `Calendar` DISABLE KEYS */;
INSERT INTO `Calendar` VALUES (1,'2022-09-01',2022,9,3,1,35),(2,'2020-10-25',2020,10,4,25,43),(3,'2021-06-03',2021,6,2,3,22),(4,'2021-03-14',2021,3,1,14,11),(5,'2021-02-19',2021,2,1,19,7),(6,'2023-08-03',2023,8,3,3,31),(7,'2021-07-12',2021,7,3,12,28),(8,'2023-07-01',2023,7,3,1,26),(9,'2022-10-27',2022,10,4,27,43),(10,'2021-04-26',2021,4,2,26,17),(11,'2022-04-08',2022,4,2,8,14),(12,'2021-02-03',2021,2,1,3,5),(13,'2023-09-10',2023,9,3,10,37),(14,'2020-10-01',2020,10,4,1,39),(15,'2022-09-10',2022,9,3,10,36),(16,'2020-12-30',2020,12,4,30,52),(17,'2021-04-13',2021,4,2,13,15),(18,'2022-09-06',2022,9,3,6,36),(19,'2023-06-03',2023,6,2,3,22),(20,'2022-01-22',2022,1,1,22,3),(21,'2023-07-24',2023,7,3,24,30),(22,'2021-01-01',2021,1,1,1,0),(23,'2021-06-28',2021,6,2,28,26),(24,'2022-08-03',2022,8,3,3,31),(25,'2020-11-07',2020,11,4,7,44),(26,'2021-02-27',2021,2,1,27,8),(27,'2021-01-18',2021,1,1,18,3),(28,'2021-10-06',2021,10,4,6,40),(29,'2022-02-26',2022,2,1,26,8),(30,'2023-11-15',2023,11,4,15,46),(31,'2021-01-16',2021,1,1,16,2),(32,'2020-09-14',2020,9,3,14,37),(33,'2022-12-18',2022,12,4,18,51),(34,'2021-01-08',2021,1,1,8,1),(35,'2021-06-23',2021,6,2,23,25),(36,'2023-02-23',2023,2,1,23,8),(37,'2023-11-18',2023,11,4,18,46),(38,'2022-11-05',2022,11,4,5,44),(39,'2021-01-28',2021,1,1,28,4),(40,'2021-04-19',2021,4,2,19,16),(41,'2021-09-22',2021,9,3,22,38),(42,'2021-12-18',2021,12,4,18,50),(43,'2022-03-14',2022,3,1,14,11),(44,'2021-09-23',2021,9,3,23,38),(45,'2020-12-18',2020,12,4,18,50),(46,'2023-08-01',2023,8,3,1,31),(47,'2023-01-21',2023,1,1,21,3),(48,'2023-01-28',2023,1,1,28,4),(49,'2023-06-01',2023,6,2,1,22),(50,'2021-12-13',2021,12,4,13,50),(51,'2020-10-21',2020,10,4,21,42),(52,'2022-08-14',2022,8,3,14,33),(53,'2023-06-30',2023,6,2,30,26),(54,'2023-09-27',2023,9,3,27,39),(55,'2023-04-11',2023,4,2,11,15),(56,'2022-03-01',2022,3,1,1,9),(57,'2023-07-17',2023,7,3,17,29),(58,'2023-05-20',2023,5,2,20,20),(59,'2020-10-17',2020,10,4,17,41),(60,'2022-02-13',2022,2,1,13,7),(61,'2022-01-04',2022,1,1,4,1),(62,'2021-01-19',2021,1,1,19,3),(63,'2023-05-31',2023,5,2,31,22),(64,'2021-07-20',2021,7,3,20,29),(65,'2022-04-29',2022,4,2,29,17),(66,'2021-11-17',2021,11,4,17,46),(67,'2021-05-20',2021,5,2,20,20),(68,'2023-06-06',2023,6,2,6,23),(69,'2022-11-24',2022,11,4,24,47),(70,'2021-11-23',2021,11,4,23,47),(71,'2021-03-25',2021,3,1,25,12),(72,'2022-12-10',2022,12,4,10,49),(73,'2023-04-28',2023,4,2,28,17),(74,'2020-10-26',2020,10,4,26,43),(75,'2023-11-07',2023,11,4,7,45),(76,'2021-08-30',2021,8,3,30,35),(77,'2023-01-04',2023,1,1,4,1),(78,'2023-06-15',2023,6,2,15,24),(79,'2021-10-09',2021,10,4,9,40),(80,'2022-12-15',2022,12,4,15,50),(81,'2023-03-15',2023,3,1,15,11),(82,'2020-09-07',2020,9,3,7,36),(83,'2020-09-03',2020,9,3,3,35),(84,'2023-09-13',2023,9,3,13,37),(85,'2021-04-12',2021,4,2,12,15),(86,'2021-12-24',2021,12,4,24,51),(87,'2022-12-22',2022,12,4,22,51),(88,'2020-10-30',2020,10,4,30,43),(89,'2022-05-29',2022,5,2,29,22),(90,'2023-02-06',2023,2,1,6,6),(91,'2021-09-28',2021,9,3,28,39),(92,'2023-06-09',2023,6,2,9,23),(93,'2023-09-30',2023,9,3,30,39),(94,'2023-06-23',2023,6,2,23,25),(95,'2021-01-20',2021,1,1,20,3),(96,'2021-05-05',2021,5,2,5,18),(97,'2020-12-28',2020,12,4,28,52),(98,'2022-05-22',2022,5,2,22,21),(99,'2022-02-24',2022,2,1,24,8),(100,'2021-09-30',2021,9,3,30,39),(101,'2022-07-11',2022,7,3,11,28),(102,'2020-09-08',2020,9,3,8,36),(103,'2022-05-08',2022,5,2,8,19),(104,'2023-03-11',2023,3,1,11,10),(105,'2023-08-17',2023,8,3,17,33),(106,'2021-04-10',2021,4,2,10,14),(107,'2022-09-15',2022,9,3,15,37),(108,'2023-01-10',2023,1,1,10,2),(109,'2020-12-13',2020,12,4,13,50),(110,'2023-12-05',2023,12,4,5,49),(111,'2023-05-11',2023,5,2,11,19),(112,'2023-04-01',2023,4,2,1,13),(113,'2022-10-15',2022,10,4,15,41),(114,'2022-01-24',2022,1,1,24,4),(115,'2022-12-21',2022,12,4,21,51),(116,'2022-04-19',2022,4,2,19,16),(117,'2022-07-20',2022,7,3,20,29),(118,'2022-12-03',2022,12,4,3,48),(119,'2022-09-03',2022,9,3,3,35),(120,'2023-03-19',2023,3,1,19,12),(121,'2022-09-18',2022,9,3,18,38),(122,'2020-12-14',2020,12,4,14,50),(123,'2023-10-20',2023,10,4,20,42),(124,'2023-11-12',2023,11,4,12,46),(125,'2021-04-24',2021,4,2,24,16),(126,'2023-01-22',2023,1,1,22,4),(127,'2022-06-12',2022,6,2,12,24),(128,'2021-03-22',2021,3,1,22,12),(129,'2021-11-21',2021,11,4,21,47),(130,'2021-12-09',2021,12,4,9,49),(131,'2021-12-23',2021,12,4,23,51),(132,'2023-08-30',2023,8,3,30,35),(133,'2020-10-08',2020,10,4,8,40),(134,'2021-01-06',2021,1,1,6,1),(135,'2022-07-21',2022,7,3,21,29),(136,'2021-10-27',2021,10,4,27,43),(137,'2021-08-04',2021,8,3,4,31),(138,'2023-07-15',2023,7,3,15,28),(139,'2021-10-04',2021,10,4,4,40),(140,'2023-02-08',2023,2,1,8,6),(141,'2020-10-19',2020,10,4,19,42),(142,'2020-10-03',2020,10,4,3,39),(143,'2021-08-09',2021,8,3,9,32),(144,'2020-11-01',2020,11,4,1,44),(145,'2020-12-31',2020,12,4,31,52),(146,'2021-07-02',2021,7,3,2,26),(147,'2023-06-16',2023,6,2,16,24),(148,'2021-08-26',2021,8,3,26,34),(149,'2022-03-19',2022,3,1,19,11),(150,'2020-10-18',2020,10,4,18,42),(151,'2022-05-16',2022,5,2,16,20),(152,'2020-12-21',2020,12,4,21,51),(153,'2022-09-09',2022,9,3,9,36),(154,'2020-09-20',2020,9,3,20,38),(155,'2021-07-13',2021,7,3,13,28),(156,'2023-01-14',2023,1,1,14,2),(157,'2023-10-13',2023,10,4,13,41),(158,'2021-03-03',2021,3,1,3,9),(159,'2022-09-07',2022,9,3,7,36),(160,'2022-04-01',2022,4,2,1,13),(161,'2023-09-22',2023,9,3,22,38),(162,'2023-05-29',2023,5,2,29,22),(163,'2021-02-10',2021,2,1,10,6),(164,'2020-11-17',2020,11,4,17,46),(165,'2023-08-28',2023,8,3,28,35),(166,'2022-06-29',2022,6,2,29,26),(167,'2021-01-09',2021,1,1,9,1),(168,'2022-07-03',2022,7,3,3,27),(169,'2021-06-09',2021,6,2,9,23),(170,'2021-02-09',2021,2,1,9,6),(171,'2023-06-11',2023,6,2,11,24),(172,'2023-01-01',2023,1,1,1,1),(173,'2022-10-30',2022,10,4,30,44),(174,'2021-04-20',2021,4,2,20,16),(175,'2023-07-16',2023,7,3,16,29),(176,'2022-07-05',2022,7,3,5,27),(177,'2023-03-13',2023,3,1,13,11),(178,'2023-02-04',2023,2,1,4,5),(179,'2023-11-25',2023,11,4,25,47),(180,'2021-12-06',2021,12,4,6,49),(181,'2022-11-15',2022,11,4,15,46),(182,'2023-04-13',2023,4,2,13,15),(183,'2023-10-22',2023,10,4,22,43),(184,'2023-09-17',2023,9,3,17,38),(185,'2023-02-28',2023,2,1,28,9),(186,'2021-02-02',2021,2,1,2,5),(187,'2023-09-01',2023,9,3,1,35),(188,'2021-01-24',2021,1,1,24,4),(189,'2021-10-13',2021,10,4,13,41),(190,'2021-08-11',2021,8,3,11,32),(191,'2021-09-12',2021,9,3,12,37),(192,'2021-10-29',2021,10,4,29,43),(193,'2022-09-27',2022,9,3,27,39),(194,'2021-07-22',2021,7,3,22,29),(195,'2021-05-22',2021,5,2,22,20),(196,'2021-08-07',2021,8,3,7,31),(197,'2023-05-16',2023,5,2,16,20),(198,'2022-07-29',2022,7,3,29,30),(199,'2020-09-02',2020,9,3,2,35),(200,'2022-04-16',2022,4,2,16,15),(201,'2021-06-25',2021,6,2,25,25),(202,'2023-01-27',2023,1,1,27,4),(203,'2021-12-28',2021,12,4,28,52),(204,'2022-06-19',2022,6,2,19,25),(205,'2022-07-31',2022,7,3,31,31),(206,'2021-05-26',2021,5,2,26,21),(207,'2022-11-09',2022,11,4,9,45),(208,'2023-08-23',2023,8,3,23,34),(209,'2022-05-31',2022,5,2,31,22),(210,'2023-02-03',2023,2,1,3,5),(211,'2022-01-19',2022,1,1,19,3),(212,'2022-02-14',2022,2,1,14,7),(213,'2021-11-18',2021,11,4,18,46),(214,'2021-11-01',2021,11,4,1,44),(215,'2023-11-02',2023,11,4,2,44),(216,'2023-05-03',2023,5,2,3,18),(217,'2022-06-11',2022,6,2,11,23),(218,'2022-07-09',2022,7,3,9,27),(219,'2023-05-04',2023,5,2,4,18),(220,'2022-11-25',2022,11,4,25,47),(221,'2020-09-05',2020,9,3,5,35),(222,'2020-12-10',2020,12,4,10,49),(223,'2022-08-09',2022,8,3,9,32),(224,'2020-11-27',2020,11,4,27,47),(225,'2023-01-03',2023,1,1,3,1),(226,'2023-10-19',2023,10,4,19,42),(227,'2022-08-16',2022,8,3,16,33),(228,'2023-06-18',2023,6,2,18,25),(229,'2023-09-11',2023,9,3,11,37),(230,'2022-10-07',2022,10,4,7,40),(231,'2022-06-08',2022,6,2,8,23),(232,'2022-01-01',2022,1,1,1,0),(233,'2022-08-28',2022,8,3,28,35),(234,'2023-01-29',2023,1,1,29,5),(235,'2022-10-06',2022,10,4,6,40),(236,'2021-07-09',2021,7,3,9,27),(237,'2022-03-28',2022,3,1,28,13),(238,'2022-06-16',2022,6,2,16,24),(239,'2023-10-26',2023,10,4,26,43),(240,'2023-06-19',2023,6,2,19,25),(241,'2020-09-29',2020,9,3,29,39),(242,'2022-01-23',2022,1,1,23,4),(243,'2021-07-26',2021,7,3,26,30),(244,'2022-01-28',2022,1,1,28,4),(245,'2023-05-01',2023,5,2,1,18),(246,'2021-02-25',2021,2,1,25,8),(247,'2023-11-06',2023,11,4,6,45),(248,'2022-08-19',2022,8,3,19,33),(249,'2022-05-06',2022,5,2,6,18),(250,'2022-05-07',2022,5,2,7,18),(251,'2022-11-30',2022,11,4,30,48),(252,'2023-12-04',2023,12,4,4,49),(253,'2022-09-30',2022,9,3,30,39),(254,'2023-02-26',2023,2,1,26,9),(255,'2022-06-13',2022,6,2,13,24),(256,'2021-04-27',2021,4,2,27,17),(257,'2022-01-21',2022,1,1,21,3),(258,'2022-06-07',2022,6,2,7,23),(259,'2022-04-11',2022,4,2,11,15),(260,'2023-08-02',2023,8,3,2,31),(261,'2020-09-09',2020,9,3,9,36),(262,'2023-11-04',2023,11,4,4,44),(263,'2020-11-29',2020,11,4,29,48),(264,'2021-10-20',2021,10,4,20,42),(265,'2023-03-07',2023,3,1,7,10),(266,'2023-04-09',2023,4,2,9,15),(267,'2022-03-07',2022,3,1,7,10),(268,'2023-05-17',2023,5,2,17,20),(269,'2022-03-17',2022,3,1,17,11),(270,'2022-01-18',2022,1,1,18,3),(271,'2022-02-08',2022,2,1,8,6),(272,'2021-06-10',2021,6,2,10,23),(273,'2021-06-30',2021,6,2,30,26),(274,'2023-02-05',2023,2,1,5,6),(275,'2022-07-15',2022,7,3,15,28),(276,'2023-03-17',2023,3,1,17,11),(277,'2021-08-16',2021,8,3,16,33),(278,'2023-03-23',2023,3,1,23,12),(279,'2020-09-18',2020,9,3,18,37),(280,'2022-07-07',2022,7,3,7,27),(281,'2020-09-21',2020,9,3,21,38),(282,'2023-10-24',2023,10,4,24,43),(283,'2022-07-17',2022,7,3,17,29),(284,'2021-04-09',2021,4,2,9,14),(285,'2022-07-18',2022,7,3,18,29),(286,'2021-02-15',2021,2,1,15,7),(287,'2022-01-15',2022,1,1,15,2),(288,'2023-09-25',2023,9,3,25,39),(289,'2023-02-19',2023,2,1,19,8),(290,'2020-11-11',2020,11,4,11,45),(291,'2022-09-08',2022,9,3,8,36),(292,'2022-07-12',2022,7,3,12,28),(293,'2020-10-22',2020,10,4,22,42),(294,'2022-07-25',2022,7,3,25,30),(295,'2022-10-05',2022,10,4,5,40),(296,'2022-03-22',2022,3,1,22,12),(297,'2023-10-05',2023,10,4,5,40),(298,'2023-05-26',2023,5,2,26,21),(299,'2021-05-25',2021,5,2,25,21),(300,'2021-09-13',2021,9,3,13,37),(301,'2022-01-12',2022,1,1,12,2),(302,'2022-02-05',2022,2,1,5,5),(303,'2023-11-23',2023,11,4,23,47),(304,'2022-04-23',2022,4,2,23,16),(305,'2023-08-09',2023,8,3,9,32),(306,'2021-05-21',2021,5,2,21,20),(307,'2021-05-03',2021,5,2,3,18),(308,'2022-08-07',2022,8,3,7,32),(309,'2021-04-17',2021,4,2,17,15),(310,'2023-07-07',2023,7,3,7,27),(311,'2022-12-20',2022,12,4,20,51),(312,'2022-03-15',2022,3,1,15,11),(313,'2022-08-30',2022,8,3,30,35),(314,'2022-09-29',2022,9,3,29,39),(315,'2021-01-04',2021,1,1,4,1),(316,'2021-12-01',2021,12,4,1,48),(317,'2022-04-04',2022,4,2,4,14),(318,'2021-12-02',2021,12,4,2,48),(319,'2021-07-01',2021,7,3,1,26),(320,'2023-03-22',2023,3,1,22,12),(321,'2023-04-05',2023,4,2,5,14),(322,'2022-11-19',2022,11,4,19,46),(323,'2021-08-20',2021,8,3,20,33),(324,'2021-06-05',2021,6,2,5,22),(325,'2022-05-12',2022,5,2,12,19),(326,'2021-05-19',2021,5,2,19,20),(327,'2023-10-11',2023,10,4,11,41),(328,'2023-02-20',2023,2,1,20,8),(329,'2022-04-07',2022,4,2,7,14),(330,'2023-10-18',2023,10,4,18,42),(331,'2020-09-16',2020,9,3,16,37),(332,'2022-02-09',2022,2,1,9,6),(333,'2023-07-05',2023,7,3,5,27),(334,'2022-12-06',2022,12,4,6,49),(335,'2021-08-31',2021,8,3,31,35),(336,'2022-10-09',2022,10,4,9,41),(337,'2021-11-24',2021,11,4,24,47),(338,'2022-10-16',2022,10,4,16,42),(339,'2021-03-24',2021,3,1,24,12),(340,'2021-09-15',2021,9,3,15,37),(341,'2021-09-16',2021,9,3,16,37),(342,'2023-01-11',2023,1,1,11,2),(343,'2022-12-19',2022,12,4,19,51),(344,'2023-02-02',2023,2,1,2,5),(345,'2022-09-26',2022,9,3,26,39),(346,'2021-02-04',2021,2,1,4,5),(347,'2023-08-20',2023,8,3,20,34),(348,'2022-08-18',2022,8,3,18,33),(349,'2022-03-27',2022,3,1,27,13),(350,'2021-08-21',2021,8,3,21,33),(351,'2020-10-07',2020,10,4,7,40),(352,'2021-03-19',2021,3,1,19,11),(353,'2022-12-02',2022,12,4,2,48),(354,'2023-08-26',2023,8,3,26,34),(355,'2022-11-22',2022,11,4,22,47),(356,'2022-10-14',2022,10,4,14,41),(357,'2022-08-20',2022,8,3,20,33),(358,'2023-06-27',2023,6,2,27,26),(359,'2023-01-08',2023,1,1,8,2),(360,'2022-06-24',2022,6,2,24,25),(361,'2023-09-23',2023,9,3,23,38),(362,'2021-12-19',2021,12,4,19,51),(363,'2022-03-21',2022,3,1,21,12),(364,'2021-01-12',2021,1,1,12,2),(365,'2023-09-15',2023,9,3,15,37),(366,'2022-06-22',2022,6,2,22,25),(367,'2023-07-20',2023,7,3,20,29),(368,'2023-01-25',2023,1,1,25,4),(369,'2021-10-18',2021,10,4,18,42),(370,'2023-05-22',2023,5,2,22,21),(371,'2021-12-30',2021,12,4,30,52),(372,'2022-03-23',2022,3,1,23,12),(373,'2022-05-20',2022,5,2,20,20),(374,'2021-01-15',2021,1,1,15,2),(375,'2021-01-23',2021,1,1,23,3),(376,'2023-07-27',2023,7,3,27,30),(377,'2021-09-19',2021,9,3,19,38),(378,'2022-08-23',2022,8,3,23,34),(379,'2022-06-26',2022,6,2,26,26),(380,'2023-03-08',2023,3,1,8,10),(381,'2023-12-02',2023,12,4,2,48),(382,'2021-04-21',2021,4,2,21,16),(383,'2023-05-02',2023,5,2,2,18),(384,'2022-12-14',2022,12,4,14,50),(385,'2022-06-05',2022,6,2,5,23),(386,'2023-04-04',2023,4,2,4,14),(387,'2023-11-17',2023,11,4,17,46),(388,'2021-05-10',2021,5,2,10,19),(389,'2020-12-15',2020,12,4,15,50),(390,'2021-10-24',2021,10,4,24,43),(391,'2022-10-04',2022,10,4,4,40),(392,'2021-10-17',2021,10,4,17,42),(393,'2022-08-04',2022,8,3,4,31),(394,'2021-10-23',2021,10,4,23,42),(395,'2021-04-29',2021,4,2,29,17),(396,'2023-08-04',2023,8,3,4,31),(397,'2021-07-04',2021,7,3,4,27),(398,'2023-08-19',2023,8,3,19,33),(399,'2021-11-15',2021,11,4,15,46),(400,'2022-02-06',2022,2,1,6,6),(401,'2022-04-12',2022,4,2,12,15),(402,'2021-05-11',2021,5,2,11,19),(403,'2023-11-19',2023,11,4,19,47),(404,'2021-06-18',2021,6,2,18,24),(405,'2021-07-21',2021,7,3,21,29),(406,'2023-07-03',2023,7,3,3,27),(407,'2023-05-23',2023,5,2,23,21),(408,'2021-01-05',2021,1,1,5,1),(409,'2022-12-30',2022,12,4,30,52),(410,'2022-12-25',2022,12,4,25,52),(411,'2020-12-12',2020,12,4,12,49),(412,'2020-10-20',2020,10,4,20,42),(413,'2023-03-25',2023,3,1,25,12),(414,'2020-10-29',2020,10,4,29,43),(415,'2023-06-28',2023,6,2,28,26),(416,'2020-09-26',2020,9,3,26,38),(417,'2021-11-20',2021,11,4,20,46),(418,'2023-10-07',2023,10,4,7,40),(419,'2021-02-18',2021,2,1,18,7),(420,'2023-06-07',2023,6,2,7,23),(421,'2021-04-11',2021,4,2,11,15),(422,'2023-02-09',2023,2,1,9,6),(423,'2022-06-20',2022,6,2,20,25),(424,'2022-12-31',2022,12,4,31,52),(425,'2021-03-06',2021,3,1,6,9),(426,'2020-09-17',2020,9,3,17,37),(427,'2023-05-15',2023,5,2,15,20),(428,'2021-11-11',2021,11,4,11,45),(429,'2022-12-29',2022,12,4,29,52),(430,'2023-07-08',2023,7,3,8,27),(431,'2022-08-10',2022,8,3,10,32),(432,'2023-04-16',2023,4,2,16,16),(433,'2020-09-04',2020,9,3,4,35),(434,'2022-08-12',2022,8,3,12,32),(435,'2022-12-17',2022,12,4,17,50),(436,'2020-12-23',2020,12,4,23,51),(437,'2022-09-13',2022,9,3,13,37),(438,'2023-01-24',2023,1,1,24,4),(439,'2023-01-13',2023,1,1,13,2),(440,'2022-10-20',2022,10,4,20,42),(441,'2021-03-16',2021,3,1,16,11),(442,'2021-09-27',2021,9,3,27,39),(443,'2020-12-27',2020,12,4,27,52),(444,'2022-11-13',2022,11,4,13,46),(445,'2022-06-27',2022,6,2,27,26),(446,'2021-12-21',2021,12,4,21,51),(447,'2020-11-21',2020,11,4,21,46),(448,'2023-04-26',2023,4,2,26,17),(449,'2023-03-18',2023,3,1,18,11),(450,'2023-01-30',2023,1,1,30,5),(451,'2022-07-01',2022,7,3,1,26),(452,'2023-08-07',2023,8,3,7,32),(453,'2023-11-01',2023,11,4,1,44),(454,'2020-10-12',2020,10,4,12,41),(455,'2020-12-08',2020,12,4,8,49),(456,'2022-11-21',2022,11,4,21,47),(457,'2022-08-29',2022,8,3,29,35),(458,'2022-10-11',2022,10,4,11,41),(459,'2023-08-24',2023,8,3,24,34),(460,'2022-05-15',2022,5,2,15,20),(461,'2023-02-27',2023,2,1,27,9),(462,'2023-01-20',2023,1,1,20,3),(463,'2021-08-01',2021,8,3,1,31),(464,'2021-08-06',2021,8,3,6,31),(465,'2023-09-05',2023,9,3,5,36),(466,'2023-08-11',2023,8,3,11,32),(467,'2023-06-05',2023,6,2,5,23),(468,'2021-12-25',2021,12,4,25,51),(469,'2020-12-11',2020,12,4,11,49),(470,'2022-12-16',2022,12,4,16,50),(471,'2020-10-23',2020,10,4,23,42),(472,'2023-03-02',2023,3,1,2,9),(473,'2023-11-27',2023,11,4,27,48),(474,'2022-03-30',2022,3,1,30,13),(475,'2022-01-07',2022,1,1,7,1),(476,'2022-11-12',2022,11,4,12,45),(477,'2023-06-14',2023,6,2,14,24),(478,'2020-09-24',2020,9,3,24,38),(479,'2023-02-07',2023,2,1,7,6),(480,'2023-06-25',2023,6,2,25,26),(481,'2021-03-02',2021,3,1,2,9),(482,'2021-11-28',2021,11,4,28,48),(483,'2023-10-08',2023,10,4,8,41),(484,'2020-11-22',2020,11,4,22,47),(485,'2021-02-05',2021,2,1,5,5),(486,'2021-12-15',2021,12,4,15,50),(487,'2021-11-19',2021,11,4,19,46),(488,'2023-08-25',2023,8,3,25,34),(489,'2023-02-24',2023,2,1,24,8),(490,'2022-10-17',2022,10,4,17,42),(491,'2021-12-08',2021,12,4,8,49),(492,'2022-03-06',2022,3,1,6,10),(493,'2021-03-31',2021,3,1,31,13),(494,'2021-04-22',2021,4,2,22,16),(495,'2022-09-17',2022,9,3,17,37),(496,'2022-03-13',2022,3,1,13,11),(497,'2023-02-15',2023,2,1,15,7),(498,'2023-03-28',2023,3,1,28,13),(499,'2022-08-24',2022,8,3,24,34),(500,'2021-02-24',2021,2,1,24,8),(501,'2022-01-26',2022,1,1,26,4),(502,'2020-10-10',2020,10,4,10,40),(503,'2021-10-11',2021,10,4,11,41),(504,'2023-03-26',2023,3,1,26,13),(505,'2023-05-18',2023,5,2,18,20),(506,'2021-01-29',2021,1,1,29,4),(507,'2023-09-09',2023,9,3,9,36),(508,'2021-06-17',2021,6,2,17,24),(509,'2022-06-06',2022,6,2,6,23),(510,'2020-12-24',2020,12,4,24,51),(511,'2022-10-25',2022,10,4,25,43),(512,'2021-06-06',2021,6,2,6,23),(513,'2021-03-17',2021,3,1,17,11),(514,'2021-09-14',2021,9,3,14,37),(515,'2021-09-01',2021,9,3,1,35),(516,'2021-09-04',2021,9,3,4,35),(517,'2022-05-14',2022,5,2,14,19),(518,'2022-01-11',2022,1,1,11,2),(519,'2022-07-04',2022,7,3,4,27),(520,'2020-11-28',2020,11,4,28,47),(521,'2023-11-29',2023,11,4,29,48),(522,'2023-08-16',2023,8,3,16,33),(523,'2021-09-24',2021,9,3,24,38),(524,'2022-11-28',2022,11,4,28,48),(525,'2023-04-18',2023,4,2,18,16),(526,'2022-06-23',2022,6,2,23,25),(527,'2022-04-24',2022,4,2,24,17),(528,'2022-07-22',2022,7,3,22,29),(529,'2022-04-14',2022,4,2,14,15),(530,'2021-04-28',2021,4,2,28,17),(531,'2022-12-23',2022,12,4,23,51),(532,'2021-10-26',2021,10,4,26,43),(533,'2021-07-25',2021,7,3,25,30),(534,'2021-05-17',2021,5,2,17,20),(535,'2021-03-26',2021,3,1,26,12),(536,'2022-12-08',2022,12,4,8,49),(537,'2023-07-25',2023,7,3,25,30),(538,'2021-06-04',2021,6,2,4,22),(539,'2021-11-27',2021,11,4,27,47),(540,'2021-04-15',2021,4,2,15,15),(541,'2021-02-17',2021,2,1,17,7),(542,'2022-08-27',2022,8,3,27,34),(543,'2023-04-02',2023,4,2,2,14),(544,'2022-08-08',2022,8,3,8,32),(545,'2021-11-13',2021,11,4,13,45),(546,'2022-03-26',2022,3,1,26,12),(547,'2021-07-19',2021,7,3,19,29),(548,'2021-01-30',2021,1,1,30,4),(549,'2023-10-06',2023,10,4,6,40),(550,'2020-12-19',2020,12,4,19,50),(551,'2020-11-19',2020,11,4,19,46),(552,'2022-10-12',2022,10,4,12,41),(553,'2023-09-26',2023,9,3,26,39),(554,'2022-07-06',2022,7,3,6,27),(555,'2022-04-26',2022,4,2,26,17),(556,'2020-12-03',2020,12,4,3,48),(557,'2021-04-07',2021,4,2,7,14),(558,'2020-09-30',2020,9,3,30,39),(559,'2023-06-04',2023,6,2,4,23),(560,'2022-01-30',2022,1,1,30,5),(561,'2021-08-19',2021,8,3,19,33),(562,'2021-01-11',2021,1,1,11,2),(563,'2023-03-31',2023,3,1,31,13),(564,'2022-11-08',2022,11,4,8,45),(565,'2023-05-24',2023,5,2,24,21),(566,'2022-12-07',2022,12,4,7,49),(567,'2022-11-23',2022,11,4,23,47),(568,'2022-04-27',2022,4,2,27,17),(569,'2023-04-25',2023,4,2,25,17),(570,'2021-02-01',2021,2,1,1,5),(571,'2022-09-20',2022,9,3,20,38),(572,'2021-09-11',2021,9,3,11,36),(573,'2022-01-27',2022,1,1,27,4),(574,'2023-05-09',2023,5,2,9,19),(575,'2022-05-19',2022,5,2,19,20),(576,'2021-03-29',2021,3,1,29,13),(577,'2021-12-03',2021,12,4,3,48),(578,'2023-11-22',2023,11,4,22,47),(579,'2021-08-29',2021,8,3,29,35),(580,'2023-10-01',2023,10,4,1,40),(581,'2021-09-10',2021,9,3,10,36),(582,'2021-03-15',2021,3,1,15,11),(583,'2022-10-31',2022,10,4,31,44),(584,'2021-01-02',2021,1,1,2,0),(585,'2023-07-28',2023,7,3,28,30),(586,'2021-07-24',2021,7,3,24,29),(587,'2022-10-29',2022,10,4,29,43),(588,'2023-07-26',2023,7,3,26,30),(589,'2023-06-08',2023,6,2,8,23),(590,'2021-05-18',2021,5,2,18,20),(591,'2022-05-02',2022,5,2,2,18),(592,'2022-04-09',2022,4,2,9,14),(593,'2023-03-06',2023,3,1,6,10),(594,'2021-10-01',2021,10,4,1,39),(595,'2021-12-05',2021,12,4,5,49),(596,'2021-03-11',2021,3,1,11,10),(597,'2023-09-20',2023,9,3,20,38),(598,'2020-11-10',2020,11,4,10,45),(599,'2021-11-29',2021,11,4,29,48),(600,'2021-11-16',2021,11,4,16,46),(601,'2022-08-01',2022,8,3,1,31),(602,'2022-09-16',2022,9,3,16,37),(603,'2022-05-28',2022,5,2,28,21),(604,'2022-01-10',2022,1,1,10,2),(605,'2022-12-28',2022,12,4,28,52),(606,'2023-03-16',2023,3,1,16,11),(607,'2022-06-17',2022,6,2,17,24),(608,'2021-08-17',2021,8,3,17,33),(609,'2020-11-08',2020,11,4,8,45),(610,'2021-12-11',2021,12,4,11,49),(611,'2022-04-06',2022,4,2,6,14),(612,'2022-05-23',2022,5,2,23,21),(613,'2023-03-20',2023,3,1,20,12),(614,'2023-05-07',2023,5,2,7,19),(615,'2022-11-04',2022,11,4,4,44),(616,'2022-12-24',2022,12,4,24,51),(617,'2021-11-02',2021,11,4,2,44),(618,'2021-05-28',2021,5,2,28,21),(619,'2023-11-24',2023,11,4,24,47),(620,'2022-04-17',2022,4,2,17,16),(621,'2021-06-15',2021,6,2,15,24),(622,'2021-08-14',2021,8,3,14,32),(623,'2021-04-30',2021,4,2,30,17),(624,'2021-07-03',2021,7,3,3,26),(625,'2020-11-05',2020,11,4,5,44),(626,'2023-07-29',2023,7,3,29,30),(627,'2022-11-06',2022,11,4,6,45),(628,'2022-11-14',2022,11,4,14,46),(629,'2023-02-10',2023,2,1,10,6),(630,'2020-11-25',2020,11,4,25,47),(631,'2022-04-20',2022,4,2,20,16),(632,'2020-11-26',2020,11,4,26,47),(633,'2023-04-23',2023,4,2,23,17),(634,'2021-08-25',2021,8,3,25,34),(635,'2023-01-17',2023,1,1,17,3),(636,'2022-12-09',2022,12,4,9,49),(637,'2022-05-05',2022,5,2,5,18),(638,'2023-04-10',2023,4,2,10,15),(639,'2023-01-16',2023,1,1,16,3),(640,'2020-10-04',2020,10,4,4,40),(641,'2021-04-23',2021,4,2,23,16),(642,'2022-07-30',2022,7,3,30,30),(643,'2021-08-27',2021,8,3,27,34),(644,'2021-04-04',2021,4,2,4,14),(645,'2022-12-12',2022,12,4,12,50),(646,'2021-05-23',2021,5,2,23,21),(647,'2023-01-07',2023,1,1,7,1),(648,'2021-07-10',2021,7,3,10,27),(649,'2023-04-12',2023,4,2,12,15),(650,'2021-06-01',2021,6,2,1,22),(651,'2022-10-13',2022,10,4,13,41),(652,'2021-03-27',2021,3,1,27,12),(653,'2021-01-31',2021,1,1,31,5),(654,'2022-07-08',2022,7,3,8,27),(655,'2023-07-23',2023,7,3,23,30),(656,'2022-10-24',2022,10,4,24,43),(657,'2021-07-08',2021,7,3,8,27),(658,'2021-07-14',2021,7,3,14,28),(659,'2023-11-03',2023,11,4,3,44),(660,'2020-10-24',2020,10,4,24,42),(661,'2020-12-16',2020,12,4,16,50),(662,'2023-04-20',2023,4,2,20,16),(663,'2021-02-13',2021,2,1,13,6),(664,'2021-10-21',2021,10,4,21,42),(665,'2020-10-28',2020,10,4,28,43),(666,'2020-11-24',2020,11,4,24,47),(667,'2021-12-07',2021,12,4,7,49),(668,'2020-10-14',2020,10,4,14,41),(669,'2021-12-17',2021,12,4,17,50),(670,'2023-03-01',2023,3,1,1,9),(671,'2022-02-16',2022,2,1,16,7),(672,'2020-12-25',2020,12,4,25,51),(673,'2022-04-10',2022,4,2,10,15),(674,'2022-02-03',2022,2,1,3,5),(675,'2022-07-26',2022,7,3,26,30),(676,'2022-07-28',2022,7,3,28,30),(677,'2023-02-16',2023,2,1,16,7),(678,'2023-01-19',2023,1,1,19,3),(679,'2023-03-14',2023,3,1,14,11),(680,'2022-09-12',2022,9,3,12,37),(681,'2020-11-20',2020,11,4,20,46),(682,'2021-04-02',2021,4,2,2,13),(683,'2022-10-02',2022,10,4,2,40),(684,'2023-07-14',2023,7,3,14,28),(685,'2022-01-02',2022,1,1,2,1),(686,'2023-01-15',2023,1,1,15,3),(687,'2023-11-28',2023,11,4,28,48),(688,'2023-12-01',2023,12,4,1,48);
/*!40000 ALTER TABLE `Calendar` ENABLE KEYS */;
UNLOCK TABLES;

--
-- Table structure for table `Customer`
--

DROP TABLE IF EXISTS `Customer`;
/*!40101 SET @saved_cs_client     = @@character_set_client */;
/*!50503 SET character_set_client = utf8mb4 */;
CREATE TABLE `Customer` (
  `Customer_Key` int NOT NULL AUTO_INCREMENT,
  `customer_id` int NOT NULL,
  `Customer_Name` varchar(50) NOT NULL,
  PRIMARY KEY (`Customer_Key`)
) ENGINE=InnoDB AUTO_INCREMENT=256 DEFAULT CHARSET=utf8mb4 COLLATE=utf8mb4_0900_ai_ci;
/*!40101 SET character_set_client = @saved_cs_client */;

--
-- Dumping data for table `Customer`
--

LOCK TABLES `Customer` WRITE;
/*!40000 ALTER TABLE `Customer` DISABLE KEYS */;
INSERT INTO `Customer` VALUES (1,1,'Gibb MacCumiskey'),(2,2,'Deb Farrington'),(3,3,'Retha Kirkbride'),(4,4,'Luther Lyddiard'),(5,5,'Hazlett Duthie'),(6,6,'Herrick Lindenboim'),(7,7,'Estell Cureton'),(8,8,'Junina Caughan'),(9,9,'Debbie Whacket'),(10,10,'Susan Bellelli'),(11,11,'Rene Heckner'),(12,12,'Wilona Hutable'),(13,13,'Elsworth Hamlin'),(14,14,'Elisha Peat'),(15,15,'Bryon Tarbard'),(16,16,'Kacey Buckell'),(17,17,'Kattie Buttrum'),(18,18,'Aldon Abrami'),(19,19,'Merrilee Pattison'),(20,20,'Chadd Tante'),(21,21,'Huey Fitzgerald'),(22,22,'Kim Dacres'),(23,23,'Rorie Phillpotts'),(24,24,'Cassondra Jagielski'),(25,25,'Zachariah Petford'),(26,26,'Lucien Kenforth'),(27,27,'Gilbertine Feirn'),(28,28,'Bendicty Dragge'),(29,29,'Manny Parmenter'),(30,30,'Lilli Ibbott'),(31,31,'Vina Radclyffe'),(32,32,'Bob Duffyn'),(33,33,'Orsa Truelock'),(34,34,'Clari Scowcraft'),(35,35,'Cale Tirrey'),(36,36,'Wynne Roll'),(37,37,'Cherin Packe'),(38,38,'Lemuel Emmett'),(39,39,'Joly Jaher'),(40,40,'Keenan Lethbury'),(41,41,'Rene MacCumiskey'),(42,42,'Venus Eddisforth'),(43,43,'Ashly Paunton'),(44,44,'Celle Merfin'),(45,45,'Cinnamon Tinline'),(46,46,'Dee Khalid'),(47,47,'Minnnie Hendrikse'),(48,48,'Antonius Pierson'),(49,49,'Neila Wagstaffe'),(50,50,'Phillie Scarratt'),(51,51,'Gabrila Farnon'),(52,52,'Solly Pickburn'),(53,53,'Theo Postlewhite'),(54,54,'Ethelin Lafford'),(55,55,'Christiano Rogez'),(56,56,'Tillie Dixcee'),(57,57,'Georgi Hartmann'),(58,58,'Coriss Stratton'),(59,59,'Shanta Bottrill'),(60,60,'Dianne Barnaby'),(61,61,'Sacha Critten'),(62,62,'Marita Walwood'),(63,63,'Rudiger Thalmann'),(64,64,'Sharla Blyth'),(65,65,'Lodovico Walton'),(66,66,'Hersch Nund'),(67,67,'Ashlin Brothers'),(68,68,'Cass Thombleson'),(69,69,'Bebe Petricek'),(70,70,'Heida Warlawe'),(71,71,'Marty Hartus'),(72,72,'Zackariah Kesby'),(73,73,'Madalena McOmish'),(74,74,'Lawton Otridge'),(75,75,'Nicholle Taaffe'),(76,76,'Sabrina Curless'),(77,77,'Linoel Ell'),(78,78,'Bonni Jendrys'),(79,79,'Julina Caswill'),(80,80,'Phillie Bohlin'),(81,81,'Maddie Dowding'),(82,82,'Isidoro Spinney'),(83,83,'Lyle Le-Good'),(84,84,'Germain Kinze'),(85,85,'Aimee Dorken'),(86,86,'Libbey Grollmann'),(87,87,'Cam Broadbere'),(88,88,'Bailey Jellicorse'),(89,89,'Kipper Kilmister'),(90,90,'Kacy Beswetherick'),(91,91,'Valenka Renyard'),(92,92,'Osbourne Howgate'),(93,93,'Guthrey Combe'),(94,94,'Woody Dolman'),(95,95,'Vite Wingham'),(96,96,'Gregorio Emslie'),(97,97,'Amble Kenrick'),(98,98,'Karissa Kemish'),(99,99,'Barri Paxforde'),(100,100,'Caroljean Lockhead'),(101,101,'Samson Bickerstaff'),(102,102,'Cordula Aristide'),(103,103,'Elvis Boays'),(104,104,'Binny Ferrai'),(105,105,'Angelle McGeachey'),(106,106,'Davy Willingham'),(107,107,'Sammie Maultby'),(108,108,'Guenevere Crate'),(109,109,'Reginauld Breston'),(110,110,'Franni Brogini'),(111,111,'Austina Sprowson'),(112,112,'Shandy Gillford'),(113,113,'Margeaux Morey'),(114,114,'Nicko Ferrey'),(115,115,'Raphaela Gethings'),(116,116,'Bren Clixby'),(117,117,'Elsi Landrean'),(118,118,'Jo Betke'),(119,119,'Germaine Dranfield'),(120,120,'Cassy O\'Hanlon'),(121,121,'Ginger Shakeshaft'),(122,122,'Artus Kenworthy'),(123,123,'Warden Outlaw'),(124,124,'Dode Wharby'),(125,125,'Graeme Janaszewski'),(126,126,'Suzi Tiernan'),(127,127,'Egon McAsgill'),(128,128,'Danit Cristofolo'),(129,129,'Kassey Klyn'),(130,130,'Leroi Durtnell'),(131,131,'Rosalind Kail'),(132,132,'Langsdon Dingsdale'),(133,133,'Carrol Girardeau'),(134,134,'Jorry Moxstead'),(135,135,'Ebony Androck'),(136,136,'Charlotte O\'Hanlon'),(137,137,'Yvon Wildey'),(138,138,'Minta Klaassens'),(139,139,'Mendel Goodricke'),(140,140,'Vinny Brason'),(141,141,'Rolfe Anthona'),(142,142,'Aila Heyburn'),(143,143,'Shell Draisey'),(144,144,'Alejandra Catteroll'),(145,145,'Michele O\'Shirine'),(146,146,'Kamillah Yoxen'),(147,147,'Jaimie Crosland'),(148,148,'Shannon Fulmen'),(149,149,'Chen Templeman'),(150,150,'Lira Heaselgrave'),(151,151,'Todd Wraight'),(152,152,'Adaline Chesterman'),(153,153,'Yulma Smeed'),(154,154,'Catha Ozintsev'),(155,155,'Anderea Pittle'),(156,156,'Dayle Rape'),(157,157,'Dinah Jahnisch'),(158,158,'Vidovik Hurley'),(159,159,'Umeko Dabnot'),(160,160,'Winonah Bowie'),(161,161,'Brod Tansley'),(162,162,'Glenn Bromidge'),(163,163,'Boone Aspland'),(164,164,'Evvie Wetherell'),(165,165,'Sibley Cressingham'),(166,166,'Bret Joysey'),(167,167,'Gwen Chevins'),(168,168,'Alta Bernardy'),(169,169,'Elisa Limpertz'),(170,170,'Sascha Frotton'),(171,171,'Sunny Belding'),(172,172,'Dag Gronowe'),(173,173,'Oliy O\'Carrol'),(174,174,'Gerhardt Mathey'),(175,175,'Bernie Lapides'),(176,176,'Ursula Aleshintsev'),(177,177,'Gwenore Pegden'),(178,178,'Parry Bucklee'),(179,179,'Bernardo Millard'),(180,180,'Valry Ickovic'),(181,181,'Cornelle Dallicoat'),(182,182,'Wolfgang Coultass'),(183,183,'Jerald Tolworth'),(184,184,'Arnaldo Belliveau'),(185,185,'Barnabas Wicken'),(186,186,'Steven Guntrip'),(187,187,'Ruprecht Andriessen'),(188,188,'Marigold Loosmore'),(189,189,'Tabbi Crathorne'),(190,190,'Melania Doughtery'),(191,191,'Kore Weatherley'),(192,192,'Phil Levermore'),(193,193,'Hercules Lunn'),(194,194,'Morton Aulds'),(195,195,'Berny Jahner'),(196,196,'Skelly Doram'),(197,197,'Erina Duckerin'),(198,198,'Cary Bleazard'),(199,199,'Kahlil Keningley'),(200,200,'Sissie MacCollom'),(201,201,'Eshita Gupta'),(202,202,'Shitij Gupta'),(203,203,'Shital Gupta'),(204,204,'Test Test'),(205,205,'Ishay Gupta');
/*!40000 ALTER TABLE `Customer` ENABLE KEYS */;
UNLOCK TABLES;

--
-- Table structure for table `Employee`
--

DROP TABLE IF EXISTS `Employee`;
/*!40101 SET @saved_cs_client     = @@character_set_client */;
/*!50503 SET character_set_client = utf8mb4 */;
CREATE TABLE `Employee` (
  `Employee_Key` int NOT NULL AUTO_INCREMENT,
  `Employee_ID` int NOT NULL,
  `Employee_Name` varchar(30) NOT NULL,
  `Employee_Rating` int DEFAULT NULL,
  PRIMARY KEY (`Employee_Key`)
) ENGINE=InnoDB AUTO_INCREMENT=64 DEFAULT CHARSET=utf8mb4 COLLATE=utf8mb4_0900_ai_ci;
/*!40101 SET character_set_client = @saved_cs_client */;

--
-- Dumping data for table `Employee`
--

LOCK TABLES `Employee` WRITE;
/*!40000 ALTER TABLE `Employee` DISABLE KEYS */;
INSERT INTO `Employee` VALUES (1,111111,'ONLINE DIRECT',NULL),(2,122222,'Bob Doe',3),(3,123456,'John Doe',4),(4,127097,'Rhys Whitefoot',5),(5,132994,'Walton Nigh',4),(6,133427,'Stace Stollwerck',4),(7,159133,'Whittaker Wooles',1),(8,199862,'Hayyim Martinot',4),(9,204167,'Dorice Larmett',5),(10,233333,'Charlie Brown',5),(11,234567,'Jane Smith',3),(12,254343,'Rurik Janjic',1),(13,262498,'Eshita Gupta',0),(14,315540,'Nina Jouhning',1),(15,338373,'Hy Duester',5),(16,344444,'Diana Johnson',4),(17,345678,'David Johnson',5),(18,443164,'Roshelle Barnwill',5),(19,449993,'Terrie Aspray',1),(20,455555,'Edward Davis',3),(21,456789,'Emily Davis',4),(22,549781,'Kristien Whinney',2),(23,566666,'Fiona Miller',4),(24,567890,'Michael Brown',3),(25,609516,'Gloriane Dimitrov',4),(26,628730,'Rhianon McLagain',3),(27,677777,'George Anderson',3),(28,698574,'Antony Raoul',3),(29,711960,'Pollyanna Dore',1),(30,788888,'Hannah Thomas',5),(31,790530,'Kean Seckom',4),(32,795653,'Shitij Gupta',5),(33,846699,'Gilbertina Planke',5),(34,850210,'Kendricks Lepoidevin',3),(35,899999,'Isaac White',4),(36,901010,'Julia Lee',3),(37,911111,'Alice Smithson',4);
/*!40000 ALTER TABLE `Employee` ENABLE KEYS */;
UNLOCK TABLES;

--
-- Temporary view structure for view `employee_sales_view`
--

DROP TABLE IF EXISTS `employee_sales_view`;
/*!50001 DROP VIEW IF EXISTS `employee_sales_view`*/;
SET @saved_cs_client     = @@character_set_client;
/*!50503 SET character_set_client = utf8mb4 */;
/*!50001 CREATE VIEW `employee_sales_view` AS SELECT 
 1 AS `employee_id`,
 1 AS `employee_name`,
 1 AS `year`,
 1 AS `full_date`,
 1 AS `order_detail_id`,
 1 AS `order_id`,
 1 AS `rating`,
 1 AS `price`,
 1 AS `region`,
 1 AS `state`*/;
SET character_set_client = @saved_cs_client;

--
-- Table structure for table `Order_Details`
--

DROP TABLE IF EXISTS `Order_Details`;
/*!40101 SET @saved_cs_client     = @@character_set_client */;
/*!50503 SET character_set_client = utf8mb4 */;
CREATE TABLE `Order_Details` (
  `Order_Detail_Key` int NOT NULL AUTO_INCREMENT,
  `Order_Detail_ID` int NOT NULL,
  `Order_Id` int NOT NULL,
  `Order_Date` date NOT NULL,
  `order_status` varchar(40) DEFAULT NULL,
  `Issue_category` varchar(50) DEFAULT NULL,
  `Rating` int DEFAULT NULL,
  `status` varchar(20) DEFAULT NULL,
  PRIMARY KEY (`Order_Detail_Key`)
) ENGINE=InnoDB AUTO_INCREMENT=2048 DEFAULT CHARSET=utf8mb4 COLLATE=utf8mb4_0900_ai_ci;
/*!40101 SET character_set_client = @saved_cs_client */;

--
-- Dumping data for table `Order_Details`
--

LOCK TABLES `Order_Details` WRITE;
/*!40000 ALTER TABLE `Order_Details` DISABLE KEYS */;
INSERT INTO `Order_Details` VALUES (1,1,495,'2023-07-03','Shipped',NULL,4,NULL),(2,2,300,'2023-04-09','Delivered',NULL,2,NULL),(3,3,56,'2022-08-14','Delivered',NULL,3,NULL),(4,4,13,'2022-04-08','Delivered',NULL,5,NULL),(5,5,950,'2022-01-19','Delivered',NULL,5,NULL),(6,6,328,'2023-02-19','Shipped',NULL,2,NULL),(7,7,757,'2020-12-15','New',NULL,3,NULL),(8,8,295,'2020-09-09','Shipped',NULL,3,NULL),(9,9,289,'2021-04-27','Delivered',NULL,5,NULL),(10,10,432,'2023-09-23','Delivered',NULL,4,NULL),(11,11,192,'2023-03-13','Shipped',NULL,4,NULL),(12,12,123,'2022-01-24','Delivered',NULL,5,NULL),(13,13,304,'2023-02-08','Delivered',NULL,5,NULL),(14,14,267,'2023-10-26','Delivered',NULL,3,NULL),(15,15,886,'2021-01-11','Delivered',NULL,3,NULL),(16,16,677,'2022-04-24','Delivered',NULL,5,NULL),(17,17,168,'2023-10-13','Delivered',NULL,3,NULL),(18,18,28,'2021-02-27','Delivered',NULL,2,NULL),(19,19,811,'2023-09-20','Delivered',NULL,5,NULL),(20,20,676,'2021-11-01','Shipped','Billing and Pricing Disputes',NULL,'Closed'),(21,21,355,'2022-08-07','Shipped',NULL,4,NULL),(22,22,761,'2022-01-27','Delivered',NULL,3,NULL),(23,23,210,'2022-09-27','Delivered',NULL,4,NULL),(24,24,121,'2023-04-01','Delivered',NULL,5,NULL),(25,25,964,'2021-08-25','Delivered',NULL,3,NULL),(26,26,785,'2023-07-28','Delivered',NULL,4,NULL),(27,27,243,'2021-03-03','Delivered',NULL,4,NULL),(28,28,64,'2020-10-17','Delivered',NULL,3,NULL),(29,29,520,'2021-03-06','Delivered',NULL,3,NULL),(30,30,103,'2021-01-20','Shipped',NULL,5,NULL),(31,31,978,'2023-03-11','Shipped',NULL,2,NULL),(32,32,971,'2023-03-01','Delivered',NULL,5,NULL),(33,33,293,'2022-04-11','New',NULL,2,NULL),(34,34,547,'2022-06-27','New',NULL,5,NULL),(35,35,302,'2023-05-17','Delivered',NULL,4,NULL),(36,36,809,'2021-03-03','Delivered',NULL,4,NULL),(37,37,932,'2022-10-13','New',NULL,5,NULL),(38,38,665,'2023-11-29','Delivered',NULL,4,NULL),(39,39,873,'2021-04-30','Delivered',NULL,2,NULL),(40,40,119,'2023-12-05','New',NULL,4,NULL),(41,41,520,'2021-03-06','Delivered',NULL,3,NULL),(42,42,99,'2021-09-28','Shipped','Customer Service Problems',NULL,'Rejected'),(43,43,671,'2021-08-11','Delivered',NULL,4,NULL),(44,44,242,'2023-05-04','Shipped',NULL,2,NULL),(45,45,531,'2022-08-10','Shipped',NULL,2,NULL),(46,46,849,'2021-08-19','Delivered',NULL,3,NULL),(47,47,502,'2020-12-12','Delivered',NULL,2,NULL),(48,48,38,'2023-02-23','Delivered',NULL,3,NULL),(49,49,501,'2022-02-09','New',NULL,3,NULL),(50,50,10,'2023-07-01','Shipped',NULL,4,NULL),(51,51,851,'2022-12-24','Delivered',NULL,2,NULL),(52,52,440,'2021-12-09','Shipped',NULL,2,NULL),(53,53,980,'2022-07-26','Delivered',NULL,5,NULL),(54,54,839,'2022-04-06','Delivered',NULL,5,NULL),(55,55,144,'2022-07-21','Delivered',NULL,4,NULL),(56,56,273,'2022-01-28','New',NULL,2,NULL),(57,57,869,'2022-03-14','Delivered',NULL,4,NULL),(58,58,316,'2020-09-18','Delivered',NULL,5,NULL),(59,59,224,'2022-11-09','Shipped',NULL,3,NULL),(60,60,239,'2023-05-03','Delivered',NULL,5,NULL),(61,61,70,'2021-07-20','Delivered',NULL,3,NULL),(62,62,477,'2020-12-15','Shipped',NULL,3,NULL),(63,63,624,'2023-01-28','Delivered',NULL,3,NULL),(64,64,982,'2022-07-28','New',NULL,4,NULL),(65,65,860,'2021-08-14','New',NULL,2,NULL),(66,66,171,'2022-09-07','Shipped',NULL,4,NULL),(67,67,371,'2023-03-22','Delivered',NULL,2,NULL),(68,68,492,'2023-11-19','Delivered',NULL,2,NULL),(69,69,58,'2023-06-30','Shipped',NULL,4,NULL),(70,70,312,'2021-08-16','New',NULL,4,NULL),(71,71,427,'2022-08-20','New',NULL,4,NULL),(72,72,637,'2022-07-18','Delivered',NULL,3,NULL),(73,73,935,'2021-01-31','New',NULL,4,NULL),(74,74,319,'2023-10-24','Delivered',NULL,2,NULL),(75,75,928,'2023-08-23','Delivered',NULL,3,NULL),(76,76,887,'2021-09-12','Shipped',NULL,3,NULL),(77,77,843,'2023-04-16','Delivered',NULL,3,NULL),(78,78,355,'2022-08-07','Shipped',NULL,4,NULL),(79,79,1000,'2023-01-15','Shipped',NULL,3,NULL),(80,81,276,'2021-02-25','New',NULL,3,NULL),(81,82,251,'2022-08-16','Delivered',NULL,4,NULL),(82,83,156,'2023-06-16','Shipped',NULL,4,NULL),(83,84,98,'2023-02-06','Shipped',NULL,3,NULL),(84,85,346,'2022-02-05','Delivered',NULL,5,NULL),(85,86,26,'2022-08-03','Delivered',NULL,2,NULL),(86,87,299,'2023-03-07','New',NULL,4,NULL),(87,88,639,'2020-11-11','New',NULL,5,NULL),(88,89,226,'2021-06-03','Shipped',NULL,5,NULL),(89,90,997,'2022-10-02','Delivered',NULL,2,NULL),(90,91,978,'2023-03-11','Shipped',NULL,2,NULL),(91,92,387,'2020-09-16','New',NULL,5,NULL),(92,93,420,'2021-03-19','Shipped',NULL,3,NULL),(93,94,171,'2022-09-07','Shipped',NULL,4,NULL),(94,95,701,'2022-02-24','New',NULL,4,NULL),(95,96,728,'2022-01-30','Delivered',NULL,2,NULL),(96,97,36,'2021-01-08','Delivered',NULL,3,NULL),(97,98,595,'2023-09-01','Delivered',NULL,5,NULL),(98,99,141,'2023-08-30','New',NULL,3,NULL),(99,100,170,'2021-03-03','Delivered',NULL,2,NULL),(100,101,818,'2020-11-17','Delivered',NULL,3,NULL),(101,102,691,'2023-07-25','New',NULL,3,NULL),(102,103,668,'2022-12-18','Shipped',NULL,5,NULL),(103,104,663,'2021-09-27','Delivered',NULL,3,NULL),(104,105,751,'2021-04-20','Delivered',NULL,5,NULL),(105,106,896,'2022-12-19','Delivered',NULL,2,NULL),(106,107,606,'2023-10-08','Delivered',NULL,4,NULL),(107,108,586,'2020-10-17','Delivered',NULL,3,NULL),(108,109,211,'2021-07-22','Shipped',NULL,4,NULL),(109,110,210,'2022-09-27','Delivered',NULL,4,NULL),(110,111,104,'2021-05-05','Shipped',NULL,5,NULL),(111,112,980,'2022-07-26','Delivered',NULL,5,NULL),(112,113,944,'2021-07-14','Delivered',NULL,5,NULL),(113,114,435,'2021-09-15','Delivered',NULL,2,NULL),(114,115,506,'2021-05-05','Shipped',NULL,3,NULL),(115,116,493,'2021-06-18','Shipped',NULL,2,NULL),(116,117,779,'2021-03-15','Delivered',NULL,4,NULL),(117,118,483,'2021-04-29','Delivered',NULL,4,NULL),(118,119,38,'2023-02-23','Delivered',NULL,3,NULL),(119,120,484,'2023-08-04','Delivered',NULL,4,NULL),(120,121,150,'2020-10-19','Delivered',NULL,2,NULL),(121,122,512,'2021-02-18','Delivered',NULL,2,NULL),(122,123,623,'2022-08-14','Delivered',NULL,5,NULL),(123,124,923,'2023-06-18','Delivered',NULL,2,NULL),(124,125,176,'2023-05-29','Shipped',NULL,2,NULL),(125,126,816,'2022-01-21','Delivered',NULL,3,NULL),(126,127,526,'2021-11-11','Delivered',NULL,4,NULL),(127,128,462,'2023-05-04','Delivered',NULL,5,NULL),(128,129,636,'2022-01-26','Delivered',NULL,4,NULL),(129,130,850,'2022-11-04','Shipped',NULL,4,NULL),(130,131,450,'2021-12-30','Shipped',NULL,4,NULL),(131,132,399,'2020-09-03','Delivered',NULL,2,NULL),(132,133,390,'2023-05-16','New',NULL,2,NULL),(133,134,974,'2022-02-16','Shipped',NULL,4,NULL),(134,135,120,'2023-05-11','Delivered',NULL,5,NULL),(135,136,34,'2020-09-14','New',NULL,4,NULL),(136,137,618,'2023-08-07','Delivered',NULL,4,NULL),(137,138,133,'2023-11-12','Delivered',NULL,5,NULL),(138,139,125,'2022-04-19','Delivered',NULL,3,NULL),(139,140,552,'2023-04-26','Delivered',NULL,4,NULL),(140,141,857,'2022-04-17','Shipped',NULL,3,NULL),(141,142,415,'2022-08-18','Shipped',NULL,2,NULL),(142,143,541,'2022-10-20','Delivered',NULL,5,NULL),(143,144,635,'2021-02-24','New',NULL,2,NULL),(144,145,137,'2021-03-22','Delivered',NULL,5,NULL),(145,146,345,'2022-01-12','Shipped',NULL,2,NULL),(146,147,930,'2023-04-12','Delivered',NULL,5,NULL),(147,148,471,'2022-06-05','New',NULL,3,NULL),(148,149,518,'2022-06-20','Delivered',NULL,3,NULL),(149,150,133,'2023-11-12','Delivered',NULL,5,NULL),(150,151,861,'2021-04-30','Delivered',NULL,3,NULL),(151,152,67,'2021-01-19','Delivered',NULL,4,NULL),(152,153,947,'2022-01-18','Shipped',NULL,5,NULL),(153,154,10,'2023-07-01','Shipped',NULL,4,NULL),(154,155,269,'2020-09-29','New',NULL,3,NULL),(155,156,272,'2022-09-01','Delivered',NULL,5,NULL),(156,157,684,'2022-12-23','Delivered',NULL,4,NULL),(157,158,889,'2022-09-17','New',NULL,4,NULL),(158,159,852,'2022-11-05','New',NULL,5,NULL),(159,160,912,'2021-04-23','Delivered',NULL,2,NULL),(160,161,827,'2023-03-08','Shipped',NULL,3,NULL),(161,162,855,'2021-05-28','Delivered',NULL,5,NULL),(162,163,900,'2022-12-14','Delivered',NULL,4,NULL),(163,164,373,'2022-11-19','Shipped',NULL,2,NULL),(164,165,440,'2021-12-09','Shipped',NULL,2,NULL),(165,166,372,'2023-04-05','Delivered',NULL,5,NULL),(166,167,807,'2021-03-11','New',NULL,2,NULL),(167,168,459,'2021-09-19','Shipped',NULL,2,NULL),(168,169,245,'2020-09-05','Delivered',NULL,5,NULL),(169,170,396,'2022-04-08','Delivered',NULL,3,NULL),(170,171,439,'2023-07-20','Delivered',NULL,4,NULL),(171,172,95,'2022-09-06','Delivered',NULL,3,NULL),(172,173,495,'2023-07-03','Shipped',NULL,4,NULL),(173,174,583,'2023-09-27','Delivered',NULL,2,NULL),(174,175,952,'2020-12-16','New',NULL,5,NULL),(175,176,824,'2023-07-05','Shipped',NULL,4,NULL),(176,177,87,'2023-03-15','Delivered',NULL,3,NULL),(177,178,995,'2021-04-30','Delivered',NULL,5,NULL),(178,179,260,'2023-01-29','Delivered',NULL,4,NULL),(179,180,55,'2020-10-21','Shipped',NULL,5,NULL),(180,181,342,'2021-05-25','Delivered',NULL,4,NULL),(181,182,494,'2021-07-21','New','Customer Service Problems',1,'Closed'),(182,183,990,'2021-04-02','Shipped',NULL,3,NULL),(183,184,72,'2021-11-17','Shipped',NULL,3,NULL),(184,185,878,'2023-10-07','Delivered',NULL,2,NULL),(185,186,493,'2021-06-18','Shipped',NULL,2,NULL),(186,187,433,'2021-12-19','Delivered',NULL,4,NULL),(187,188,492,'2023-11-19','Delivered',NULL,2,NULL),(188,189,823,'2020-10-29','Delivered',NULL,5,NULL),(189,190,243,'2021-03-03','Delivered',NULL,4,NULL),(190,191,829,'2022-01-10','Delivered',NULL,3,NULL),(191,192,597,'2023-06-14','Delivered',NULL,4,NULL),(192,193,331,'2022-09-08','Delivered',NULL,4,NULL),(193,194,970,'2022-03-21','Delivered',NULL,3,NULL),(194,195,335,'2020-12-28','Delivered',NULL,2,NULL),(195,196,776,'2023-06-07','Delivered',NULL,5,NULL),(196,197,680,'2022-04-14','Delivered',NULL,3,NULL),(197,198,546,'2022-11-13','Delivered',NULL,4,NULL),(198,199,310,'2022-07-15','New',NULL,5,NULL),(199,200,599,'2023-02-07','Shipped',NULL,5,NULL),(200,201,37,'2021-06-23','Delivered',NULL,4,NULL),(201,202,626,'2023-08-28','Delivered',NULL,3,NULL),(202,203,640,'2021-10-11','Delivered',NULL,4,NULL),(203,204,811,'2023-09-20','Delivered',NULL,5,NULL),(204,205,598,'2020-09-24','Shipped',NULL,3,NULL),(205,206,924,'2020-12-08','Shipped',NULL,5,NULL),(206,207,488,'2022-02-06','Delivered',NULL,5,NULL),(207,208,889,'2022-09-17','New',NULL,4,NULL),(208,209,759,'2023-11-19','Shipped',NULL,2,NULL),(209,210,327,'2023-09-25','Delivered',NULL,4,NULL),(210,211,729,'2023-04-16','Delivered',NULL,3,NULL),(211,212,914,'2023-06-27','New',NULL,2,NULL),(212,213,868,'2021-07-03','Delivered',NULL,5,NULL),(213,214,853,'2022-11-25','New',NULL,5,NULL),(214,215,411,'2021-02-04','Delivered',NULL,5,NULL),(215,216,953,'2020-11-22','New',NULL,4,NULL),(216,217,19,'2021-04-13','New',NULL,2,NULL),(217,218,377,'2023-08-03','Delivered',NULL,2,NULL),(218,219,261,'2022-10-06','Delivered',NULL,5,NULL),(219,220,712,'2020-12-19','Shipped',NULL,2,NULL),(220,221,336,'2022-07-25','Delivered',NULL,4,NULL),(221,222,390,'2023-05-16','New',NULL,2,NULL),(222,223,613,'2022-07-15','Delivered',NULL,2,NULL),(223,224,643,'2021-01-29','Shipped',NULL,3,NULL),(224,225,395,'2022-10-09','Delivered',NULL,5,NULL),(225,226,543,'2021-05-20','New',NULL,2,NULL),(226,227,217,'2022-04-16','New',NULL,4,NULL),(227,228,732,'2021-01-11','Delivered',NULL,2,NULL),(228,229,866,'2022-02-24','Delivered',NULL,4,NULL),(229,230,795,'2022-07-05','Shipped',NULL,2,NULL),(230,231,220,'2021-12-28','Shipped',NULL,2,NULL),(231,232,503,'2020-10-20','Delivered',NULL,2,NULL),(232,233,563,'2020-12-08','Delivered',NULL,5,NULL),(233,234,990,'2021-04-02','Shipped',NULL,3,NULL),(234,235,931,'2021-06-01','Delivered',NULL,5,NULL),(235,236,44,'2023-06-03','Delivered',NULL,3,NULL),(236,237,606,'2023-10-08','Delivered',NULL,4,NULL),(237,238,278,'2023-11-06','Delivered',NULL,5,NULL),(238,239,523,'2022-04-23','Delivered',NULL,2,NULL),(239,240,757,'2020-12-15','New',NULL,3,NULL),(240,241,328,'2023-02-19','Shipped',NULL,2,NULL),(241,242,145,'2021-10-27','Shipped',NULL,4,NULL),(242,243,508,'2020-09-26','Delivered',NULL,3,NULL),(243,244,908,'2022-11-21','Delivered',NULL,2,NULL),(244,245,615,'2023-02-24','Delivered',NULL,3,NULL),(245,246,424,'2023-08-26','Delivered',NULL,4,NULL),(246,247,378,'2021-06-05','Delivered',NULL,2,NULL),(247,248,278,'2023-11-06','Delivered',NULL,5,NULL),(248,249,242,'2023-05-04','Shipped',NULL,2,NULL),(249,250,344,'2021-09-13','Delivered',NULL,5,NULL),(250,251,571,'2023-02-27','Delivered',NULL,5,NULL),(251,252,628,'2022-09-17','Delivered',NULL,3,NULL),(252,253,540,'2023-01-13','Delivered',NULL,3,NULL),(253,254,547,'2022-06-27','New',NULL,5,NULL),(254,255,662,'2020-11-28','Shipped',NULL,4,NULL),(255,256,298,'2021-10-20','Delivered',NULL,5,NULL),(256,257,240,'2022-06-11','Shipped',NULL,3,NULL),(257,258,438,'2022-06-22','Delivered',NULL,4,NULL),(258,259,679,'2022-07-22','Delivered',NULL,3,NULL),(259,260,179,'2023-08-28','Shipped',NULL,4,NULL),(260,261,837,'2020-11-08','Delivered',NULL,4,NULL),(261,262,971,'2023-03-01','Delivered',NULL,5,NULL),(262,263,613,'2022-07-15','Delivered',NULL,2,NULL),(263,264,910,'2020-12-18','New',NULL,5,NULL),(264,265,990,'2021-04-02','Shipped',NULL,3,NULL),(265,266,791,'2021-05-18','Shipped',NULL,2,NULL),(266,267,415,'2022-08-18','Shipped',NULL,2,NULL),(267,268,934,'2021-02-04','Delivered',NULL,2,NULL),(268,269,250,'2023-10-19','Delivered',NULL,2,NULL),(269,270,445,'2022-07-17','Delivered',NULL,3,NULL),(270,271,179,'2023-08-28','Shipped',NULL,4,NULL),(271,272,529,'2023-06-03','Delivered',NULL,2,NULL),(272,273,720,'2020-12-03','Shipped',NULL,4,NULL),(273,274,742,'2022-04-27','Delivered',NULL,3,NULL),(274,275,760,'2021-09-11','Shipped',NULL,4,NULL),(275,276,976,'2020-12-25','Delivered',NULL,5,NULL),(276,277,252,'2021-07-02','Shipped',NULL,2,NULL),(277,278,50,'2023-08-01','Shipped',NULL,4,NULL),(278,279,372,'2023-04-05','Delivered',NULL,5,NULL),(279,280,592,'2022-03-30','Delivered',NULL,3,NULL),(280,281,589,'2020-10-23','Delivered',NULL,4,NULL),(281,282,391,'2022-12-06','Shipped',NULL,2,NULL),(282,283,528,'2021-11-21','Delivered',NULL,3,NULL),(283,284,824,'2023-07-05','Shipped',NULL,4,NULL),(284,285,656,'2021-09-04','Shipped',NULL,5,NULL),(285,286,392,'2022-09-07','Delivered',NULL,3,NULL),(286,287,649,'2020-12-24','Delivered',NULL,3,NULL),(287,288,178,'2020-11-17','New',NULL,3,NULL),(288,289,400,'2021-03-24','Shipped',NULL,4,NULL),(289,290,737,'2023-05-24','Shipped',NULL,2,NULL),(290,291,272,'2022-09-01','Delivered',NULL,5,NULL),(291,292,896,'2022-12-19','Delivered',NULL,2,NULL),(292,293,987,'2022-07-25','Delivered',NULL,5,NULL),(293,294,627,'2022-08-09','New',NULL,5,NULL),(294,295,855,'2021-05-28','Delivered',NULL,5,NULL),(295,296,792,'2021-02-25','Delivered',NULL,2,NULL),(296,297,256,'2022-06-08','Delivered',NULL,4,NULL),(297,298,816,'2022-01-21','Delivered',NULL,3,NULL),(298,299,467,'2021-04-21','Delivered',NULL,5,NULL),(299,300,204,'2023-09-01','Delivered',NULL,2,NULL),(300,301,427,'2022-08-20','New',NULL,4,NULL),(301,302,187,'2023-01-01','Shipped',NULL,3,NULL),(302,303,251,'2022-08-16','Delivered',NULL,4,NULL),(303,304,917,'2023-11-29','Delivered',NULL,2,NULL),(304,305,867,'2021-08-19','Delivered',NULL,5,NULL),(305,306,33,'2021-01-16','Delivered',NULL,5,NULL),(306,307,713,'2020-11-19','Shipped',NULL,2,NULL),(307,308,629,'2022-03-13','Delivered',NULL,3,NULL),(308,309,426,'2022-10-14','New',NULL,5,NULL),(309,310,889,'2022-09-17','New',NULL,4,NULL),(310,311,51,'2023-01-21','Delivered',NULL,2,NULL),(311,312,869,'2022-03-14','Delivered',NULL,4,NULL),(312,313,820,'2021-09-15','Shipped',NULL,3,NULL),(313,314,351,'2021-06-09','Delivered',NULL,4,NULL),(314,315,672,'2022-11-28','New',NULL,4,NULL),(315,316,231,'2023-01-01','Delivered',NULL,4,NULL),(316,317,252,'2021-07-02','Shipped',NULL,2,NULL),(317,318,524,'2021-04-21','Delivered',NULL,3,NULL),(318,319,755,'2021-07-22','Delivered',NULL,4,NULL),(319,320,859,'2023-03-31','Delivered',NULL,4,NULL),(320,321,167,'2023-01-14','Delivered',NULL,2,NULL),(321,322,743,'2022-01-30','Delivered',NULL,4,NULL),(322,323,570,'2022-05-15','New',NULL,2,NULL),(323,324,892,'2022-01-26','Shipped',NULL,3,NULL),(324,325,586,'2020-10-17','Delivered',NULL,3,NULL),(325,326,444,'2023-03-17','Delivered',NULL,5,NULL),(326,327,782,'2022-10-31','Shipped',NULL,3,NULL),(327,328,408,'2023-02-02','Shipped',NULL,2,NULL),(328,329,237,'2021-11-01','Delivered',NULL,3,NULL),(329,330,554,'2023-03-18','Delayed',NULL,5,NULL),(330,331,398,'2022-10-16','New',NULL,4,NULL),(331,332,161,'2022-05-16','Delivered',NULL,5,NULL),(332,333,629,'2022-03-13','Delivered',NULL,3,NULL),(333,334,300,'2023-04-09','Delivered',NULL,2,NULL),(334,335,379,'2022-11-24','New',NULL,3,NULL),(335,336,247,'2022-08-09','Delivered',NULL,2,NULL),(336,337,517,'2023-02-09','Delivered',NULL,4,NULL),(337,338,591,'2023-11-27','Delivered',NULL,3,NULL),(338,339,318,'2020-09-21','Delivered',NULL,4,NULL),(339,340,847,'2023-03-20','Shipped',NULL,5,NULL),(340,341,36,'2021-01-08','Delivered',NULL,3,NULL),(341,342,237,'2021-11-01','Delivered',NULL,3,NULL),(342,343,980,'2022-07-26','Delivered',NULL,5,NULL),(343,344,407,'2023-11-12','Shipped',NULL,3,NULL),(344,345,576,'2022-09-15','Shipped',NULL,2,NULL),(345,346,769,'2021-12-03','Shipped',NULL,4,NULL),(346,347,921,'2023-05-18','Delivered',NULL,4,NULL),(347,348,203,'2021-02-02','Delivered',NULL,4,NULL),(348,349,840,'2021-11-17','New',NULL,4,NULL),(349,350,972,'2021-01-29','Delivered',NULL,4,NULL),(350,351,999,'2022-01-02','Delivered',NULL,5,NULL),(351,352,94,'2022-12-22','Delivered',NULL,2,NULL),(352,353,996,'2022-12-16','Delivered',NULL,3,NULL),(353,354,245,'2020-09-05','Delivered',NULL,5,NULL),(354,355,205,'2021-01-24','Delivered',NULL,4,NULL),(355,356,353,'2022-11-09','New',NULL,4,NULL),(356,357,627,'2022-08-09','New',NULL,5,NULL),(357,358,121,'2023-04-01','Delivered',NULL,5,NULL),(358,359,664,'2023-06-18','New',NULL,4,NULL),(359,360,165,'2021-07-13','Delivered',NULL,5,NULL),(360,361,100,'2023-06-09','Delivered',NULL,5,NULL),(361,362,341,'2023-05-26','Delivered',NULL,5,NULL),(362,363,23,'2023-07-24','Delivered',NULL,3,NULL),(363,364,203,'2021-02-02','Delivered',NULL,4,NULL),(364,365,295,'2020-09-09','Shipped',NULL,3,NULL),(365,366,424,'2023-08-26','Delivered',NULL,4,NULL),(366,367,459,'2021-09-19','Shipped',NULL,2,NULL),(367,368,574,'2021-08-01','Shipped',NULL,5,NULL),(368,369,128,'2022-09-03','Shipped',NULL,5,NULL),(369,370,954,'2023-04-20','Delivered',NULL,4,NULL),(370,371,164,'2020-09-20','Delivered',NULL,4,NULL),(371,372,605,'2021-11-28','Delivered',NULL,3,NULL),(372,373,684,'2022-12-23','Delivered',NULL,4,NULL),(373,374,914,'2023-06-27','New',NULL,2,NULL),(374,375,412,'2022-06-16','Delivered',NULL,2,NULL),(375,376,655,'2021-09-01','New',NULL,3,NULL),(376,377,196,'2021-12-06','New',NULL,5,NULL),(377,378,579,'2021-01-16','Delivered',NULL,5,NULL),(378,379,114,'2023-08-17','Delivered',NULL,4,NULL),(379,380,439,'2023-07-20','Delivered',NULL,4,NULL),(380,381,896,'2022-12-19','Delivered',NULL,2,NULL),(381,382,729,'2023-04-16','Delivered',NULL,3,NULL),(382,383,298,'2021-10-20','Delivered',NULL,5,NULL),(383,384,898,'2023-04-10','New',NULL,5,NULL),(384,385,322,'2022-07-18','Delivered',NULL,5,NULL),(385,386,32,'2023-11-15','Delivered',NULL,4,NULL),(386,387,366,'2021-12-01','Delivered',NULL,3,NULL),(387,388,391,'2022-12-06','Shipped',NULL,2,NULL),(388,389,850,'2022-11-04','Shipped',NULL,4,NULL),(389,390,796,'2022-04-09','Shipped',NULL,5,NULL),(390,391,665,'2023-11-29','Delivered',NULL,4,NULL),(391,392,348,'2022-04-23','Shipped',NULL,5,NULL),(392,393,741,'2023-11-01','New',NULL,4,NULL),(393,394,286,'2022-09-30','New',NULL,5,NULL),(394,395,483,'2021-04-29','Delivered',NULL,4,NULL),(395,396,956,'2021-10-21','Shipped',NULL,4,NULL),(396,397,309,'2023-02-05','Delivered',NULL,5,NULL),(397,398,121,'2023-04-01','Delivered',NULL,5,NULL),(398,399,277,'2022-06-12','Shipped',NULL,2,NULL),(399,400,104,'2021-05-05','Shipped',NULL,5,NULL),(400,401,820,'2021-09-15','Shipped',NULL,3,NULL),(401,402,495,'2023-07-03','Shipped',NULL,4,NULL),(402,403,748,'2023-09-23','Delivered',NULL,4,NULL),(403,404,811,'2023-09-20','Delivered',NULL,5,NULL),(404,405,494,'2021-07-21','New','Customer Service Problems',1,'Closed'),(405,406,480,'2021-10-17','Delivered',NULL,2,NULL),(406,407,605,'2021-11-28','Delivered',NULL,3,NULL),(407,408,637,'2022-07-18','Delivered',NULL,3,NULL),(408,409,403,'2022-06-07','Delivered',NULL,4,NULL),(409,410,780,'2023-07-15','Shipped',NULL,4,NULL),(410,411,401,'2022-11-15','Delivered',NULL,2,NULL),(411,412,880,'2020-11-25','Delivered',NULL,4,NULL),(412,413,496,'2023-05-23','Delivered',NULL,3,NULL),(413,414,494,'2021-07-21','New','Customer Service Problems',1,'Closed'),(414,415,54,'2021-12-13','Delivered',NULL,4,NULL),(415,416,494,'2021-07-21','New','Customer Service Problems',1,'Closed'),(416,417,254,'2023-09-11','Shipped',NULL,4,NULL),(417,418,353,'2022-11-09','New',NULL,4,NULL),(418,419,579,'2021-01-16','Delivered',NULL,5,NULL),(419,420,735,'2022-03-28','Shipped',NULL,2,NULL),(420,421,305,'2022-01-18','Shipped',NULL,3,NULL),(421,422,427,'2022-08-20','New',NULL,4,NULL),(422,423,380,'2022-05-12','Shipped',NULL,5,NULL),(423,424,439,'2023-07-20','Delivered',NULL,4,NULL),(424,425,497,'2021-01-05','Delivered',NULL,2,NULL),(425,426,15,'2023-09-10','Delivered',NULL,2,NULL),(426,427,83,'2023-01-04','Delivered',NULL,3,NULL),(427,428,386,'2023-10-18','Delivered',NULL,4,NULL),(428,429,413,'2021-08-16','New',NULL,2,NULL),(429,430,605,'2021-11-28','Delivered',NULL,3,NULL),(430,431,481,'2022-08-04','Delivered',NULL,4,NULL),(431,432,756,'2020-10-17','Delivered',NULL,2,NULL),(432,433,545,'2020-12-27','Delivered',NULL,5,NULL),(433,434,824,'2023-07-05','Shipped',NULL,4,NULL),(434,435,176,'2023-05-29','Shipped',NULL,2,NULL),(435,436,277,'2022-06-12','Shipped',NULL,2,NULL),(436,437,756,'2020-10-17','Delivered',NULL,2,NULL),(437,438,158,'2021-08-26','Delivered',NULL,4,NULL),(438,439,267,'2023-10-26','Delivered',NULL,3,NULL),(439,440,258,'2022-01-01','New',NULL,4,NULL),(440,441,562,'2020-10-12','Delivered',NULL,3,NULL),(441,442,129,'2023-03-19','Delivered',NULL,2,NULL),(442,443,204,'2023-09-01','Delivered',NULL,2,NULL),(443,444,731,'2022-08-16','Delivered',NULL,4,NULL),(444,445,460,'2021-04-10','Delivered',NULL,2,NULL),(445,446,19,'2021-04-13','New',NULL,2,NULL),(446,447,75,'2022-11-24','Shipped',NULL,4,NULL),(447,448,853,'2022-11-25','New',NULL,5,NULL),(448,449,35,'2022-12-18','Shipped',NULL,4,NULL),(449,450,401,'2022-11-15','Delivered',NULL,2,NULL),(450,451,820,'2021-09-15','Shipped',NULL,3,NULL),(451,452,200,'2023-09-17','Delivered',NULL,3,NULL),(452,453,814,'2021-11-29','Shipped',NULL,4,NULL),(453,454,140,'2021-12-23','Delivered',NULL,5,NULL),(454,455,717,'2022-07-06','Shipped',NULL,2,NULL),(455,456,870,'2020-11-05','Delivered',NULL,3,NULL),(456,457,318,'2020-09-21','Delivered',NULL,4,NULL),(457,458,765,'2022-06-23','New',NULL,4,NULL),(458,459,818,'2020-11-17','Delivered',NULL,3,NULL),(459,460,409,'2022-09-26','Shipped',NULL,2,NULL),(460,461,189,'2021-04-20','New',NULL,3,NULL),(461,462,244,'2022-11-25','New',NULL,2,NULL),(462,463,61,'2022-03-01','Shipped',NULL,5,NULL),(463,464,900,'2022-12-14','Delivered',NULL,4,NULL),(464,465,922,'2023-02-02','Shipped',NULL,2,NULL),(465,466,308,'2021-06-30','Delivered',NULL,2,NULL),(466,467,572,'2023-01-20','Shipped',NULL,4,NULL),(467,468,812,'2020-11-10','Delivered',NULL,3,NULL),(468,469,988,'2022-09-12','Delivered',NULL,4,NULL),(469,470,501,'2022-02-09','New',NULL,3,NULL),(470,471,116,'2022-09-15','Delivered',NULL,3,NULL),(471,472,871,'2022-03-30','Delivered',NULL,5,NULL),(472,473,244,'2022-11-25','New',NULL,2,NULL),(473,474,428,'2023-06-27','Delivered',NULL,2,NULL),(474,475,694,'2021-11-27','Delivered',NULL,3,NULL),(475,476,453,'2021-01-15','Delivered',NULL,5,NULL),(476,477,632,'2023-11-15','Delivered',NULL,4,NULL),(477,478,349,'2023-03-17','Delivered',NULL,2,NULL),(478,479,148,'2021-10-04','Delivered',NULL,5,NULL),(479,480,621,'2021-03-31','Delivered',NULL,2,NULL),(480,481,876,'2022-11-14','New',NULL,4,NULL),(481,482,217,'2022-04-16','New',NULL,4,NULL),(482,483,180,'2022-06-29','Delivered',NULL,3,NULL),(483,484,349,'2023-03-17','Delivered',NULL,2,NULL),(484,485,90,'2023-09-13','Delivered',NULL,3,NULL),(485,486,931,'2021-06-01','Delivered',NULL,5,NULL),(486,487,982,'2022-07-28','New',NULL,4,NULL),(487,488,815,'2021-11-16','New',NULL,2,NULL),(488,489,572,'2023-01-20','Shipped',NULL,4,NULL),(489,490,154,'2020-12-31','Shipped',NULL,5,NULL),(490,491,990,'2021-04-02','Shipped',NULL,3,NULL),(491,492,601,'2023-06-25','Delivered',NULL,4,NULL),(492,493,527,'2022-12-29','Delivered',NULL,5,NULL),(493,494,475,'2023-03-23','Shipped',NULL,5,NULL),(494,495,475,'2023-03-23','Shipped',NULL,5,NULL),(495,496,993,'2023-09-23','Delivered',NULL,2,NULL),(496,497,383,'2023-02-20','New',NULL,2,NULL),(497,498,493,'2021-06-18','Shipped',NULL,2,NULL),(498,499,86,'2022-12-15','Delivered',NULL,5,NULL),(499,500,516,'2021-04-11','Delivered',NULL,4,NULL),(500,501,873,'2021-04-30','Delivered',NULL,2,NULL),(501,502,72,'2021-11-17','Shipped',NULL,3,NULL),(502,503,543,'2021-05-20','New',NULL,2,NULL),(503,504,683,'2022-08-24','Delivered',NULL,4,NULL),(504,505,813,'2022-06-20','Delivered',NULL,2,NULL),(505,506,777,'2023-11-15','Delivered',NULL,5,NULL),(506,507,816,'2022-01-21','Delivered',NULL,3,NULL),(507,508,840,'2021-11-17','New',NULL,4,NULL),(508,509,173,'2022-04-01','Delivered',NULL,4,NULL),(509,510,521,'2020-09-17','Delivered',NULL,2,NULL),(510,511,983,'2023-02-16','Delivered',NULL,4,NULL),(511,512,415,'2022-08-18','Shipped',NULL,2,NULL),(512,513,293,'2022-04-11','New',NULL,2,NULL),(513,514,848,'2023-05-07','Delivered',NULL,2,NULL),(514,515,293,'2022-04-11','New',NULL,2,NULL),(515,516,116,'2022-09-15','Delivered',NULL,3,NULL),(516,517,232,'2023-02-03','Delivered',NULL,5,NULL),(517,518,138,'2021-11-21','Delivered',NULL,5,NULL),(518,519,754,'2023-05-17','Shipped',NULL,4,NULL),(519,520,169,'2020-10-17','Delivered',NULL,2,NULL),(520,521,553,'2021-07-13','Delivered',NULL,3,NULL),(521,522,952,'2020-12-16','New',NULL,5,NULL),(522,523,833,'2022-06-17','Delivered',NULL,5,NULL),(523,524,777,'2023-11-15','Delivered',NULL,5,NULL),(524,525,384,'2022-04-07','Delivered',NULL,2,NULL),(525,526,621,'2021-03-31','Delivered',NULL,2,NULL),(526,527,968,'2023-07-03','New',NULL,3,NULL),(527,528,211,'2021-07-22','Shipped',NULL,4,NULL),(528,529,642,'2023-05-18','Shipped',NULL,4,NULL),(529,530,209,'2021-10-29','Delivered',NULL,3,NULL),(530,531,797,'2023-04-09','Delivered',NULL,2,NULL),(531,532,356,'2021-04-17','New',NULL,5,NULL),(532,533,757,'2020-12-15','New',NULL,3,NULL),(533,534,938,'2022-07-08','Delivered',NULL,3,NULL),(534,535,188,'2022-10-30','Delivered',NULL,3,NULL),(535,536,94,'2022-12-22','Delivered',NULL,2,NULL),(536,537,612,'2023-08-25','Shipped',NULL,2,NULL),(537,538,392,'2022-09-07','Delivered',NULL,3,NULL),(538,539,998,'2023-07-14','Shipped',NULL,3,NULL),(539,540,916,'2020-09-24','New',NULL,4,NULL),(540,541,316,'2020-09-18','Delivered',NULL,5,NULL),(541,542,573,'2022-10-04','Delivered',NULL,5,NULL),(542,543,700,'2023-04-02','Delivered',NULL,2,NULL),(543,544,320,'2022-07-17','Delivered',NULL,5,NULL),(544,545,532,'2023-04-16','Shipped',NULL,2,NULL),(545,546,455,'2023-09-15','Delivered',NULL,5,NULL),(546,547,541,'2022-10-20','Delivered',NULL,5,NULL),(547,548,928,'2023-08-23','Delivered',NULL,3,NULL),(548,549,33,'2021-01-16','Delivered',NULL,5,NULL),(549,550,366,'2021-12-01','Delivered',NULL,3,NULL),(550,551,681,'2021-04-28','Delivered',NULL,3,NULL),(551,552,898,'2023-04-10','New',NULL,5,NULL),(552,553,904,'2023-01-16','Delivered',NULL,5,NULL),(553,554,730,'2021-08-19','New',NULL,2,NULL),(554,555,100,'2023-06-09','Delivered',NULL,5,NULL),(555,556,356,'2021-04-17','New',NULL,5,NULL),(556,557,179,'2023-08-28','Shipped',NULL,4,NULL),(557,558,986,'2023-07-15','Shipped',NULL,5,NULL),(558,559,726,'2021-07-21','New',NULL,5,NULL),(559,560,751,'2021-04-20','Delivered',NULL,5,NULL),(560,561,586,'2020-10-17','Delivered',NULL,3,NULL),(561,562,269,'2020-09-29','New',NULL,3,NULL),(562,563,799,'2023-03-06','Delivered',NULL,5,NULL),(563,564,716,'2023-09-26','Shipped',NULL,4,NULL),(564,565,785,'2023-07-28','Delivered',NULL,4,NULL),(565,566,6,'2021-03-14','New',NULL,2,NULL),(566,567,273,'2022-01-28','New',NULL,2,NULL),(567,568,266,'2022-06-16','New',NULL,4,NULL),(568,569,39,'2023-11-18','Delivered',NULL,5,NULL),(569,570,904,'2023-01-16','Delivered',NULL,5,NULL),(570,571,116,'2022-09-15','Delivered',NULL,3,NULL),(571,572,36,'2021-01-08','Delivered',NULL,3,NULL),(572,573,794,'2022-03-26','Delivered',NULL,5,NULL),(573,574,168,'2023-10-13','Delivered',NULL,3,NULL),(574,575,774,'2023-10-01','Shipped',NULL,4,NULL),(575,576,377,'2023-08-03','Delivered',NULL,2,NULL),(576,577,832,'2023-05-22','Delivered',NULL,4,NULL),(577,578,314,'2021-01-09','New',NULL,2,NULL),(578,579,733,'2022-08-23','Delivered',NULL,3,NULL),(579,580,142,'2020-10-08','New',NULL,5,NULL),(580,581,151,'2020-10-03','Delivered',NULL,4,NULL),(581,582,99,'2021-09-28','Shipped','Customer Service Problems',NULL,'Rejected'),(582,583,476,'2021-05-10','New',NULL,5,NULL),(583,584,485,'2021-07-04','Delivered',NULL,2,NULL),(584,585,125,'2022-04-19','Delivered',NULL,3,NULL),(585,586,176,'2023-05-29','Shipped',NULL,2,NULL),(586,587,854,'2021-11-02','Shipped',NULL,3,NULL),(587,588,271,'2021-07-26','New',NULL,2,NULL),(588,589,585,'2023-09-13','Shipped',NULL,3,NULL),(589,590,484,'2023-08-04','Delivered',NULL,4,NULL),(590,591,660,'2022-01-11','Delivered',NULL,5,NULL),(591,592,361,'2022-08-30','Delivered',NULL,4,NULL),(592,593,721,'2021-04-07','Delivered',NULL,3,NULL),(593,594,651,'2021-06-06','Delivered',NULL,5,NULL),(594,595,92,'2021-04-19','New',NULL,2,NULL),(595,596,644,'2022-09-27','Delivered',NULL,5,NULL),(596,597,662,'2020-11-28','Shipped',NULL,4,NULL),(597,598,309,'2023-02-05','Delivered',NULL,5,NULL),(598,599,615,'2023-02-24','Delivered',NULL,3,NULL),(599,600,304,'2023-02-08','Delivered',NULL,5,NULL),(600,601,844,'2022-05-15','New',NULL,3,NULL),(601,602,373,'2022-11-19','Shipped',NULL,2,NULL),(602,603,326,'2022-01-15','Shipped',NULL,2,NULL),(603,604,824,'2023-07-05','Shipped',NULL,4,NULL),(604,605,325,'2021-02-15','Shipped',NULL,3,NULL),(605,606,472,'2023-04-04','New',NULL,2,NULL),(606,607,2,'2022-09-01','Delivered','Order and Delivery Concerns',NULL,'Closed'),(607,608,983,'2023-02-16','Delivered',NULL,4,NULL),(608,609,733,'2022-08-23','Delivered',NULL,3,NULL),(609,610,622,'2021-04-22','Delivered',NULL,2,NULL),(610,611,309,'2023-02-05','Delivered',NULL,5,NULL),(611,612,795,'2022-07-05','Shipped',NULL,2,NULL),(612,613,942,'2021-07-08','Shipped',NULL,4,NULL),(613,614,350,'2023-08-09','Delivered',NULL,3,NULL),(614,615,752,'2022-08-04','New',NULL,3,NULL),(615,616,878,'2023-10-07','Delivered',NULL,2,NULL),(616,617,785,'2023-07-28','Delivered',NULL,4,NULL),(617,618,675,'2022-06-23','New',NULL,4,NULL),(618,619,334,'2022-03-14','New',NULL,3,NULL),(619,620,28,'2021-02-27','Delivered',NULL,2,NULL),(620,621,268,'2023-06-19','Shipped',NULL,4,NULL),(621,622,863,'2021-10-17','Delivered',NULL,3,NULL),(622,623,297,'2020-11-29','Delivered',NULL,4,NULL),(623,624,504,'2023-03-25','Delivered',NULL,2,NULL),(624,625,702,'2022-08-08','Delivered',NULL,3,NULL),(625,626,544,'2021-09-27','Delivered',NULL,2,NULL),(626,627,31,'2022-02-26','New',NULL,2,NULL),(627,628,865,'2023-08-19','Shipped',NULL,4,NULL),(628,629,576,'2022-09-15','Shipped',NULL,2,NULL),(629,630,134,'2021-04-24','Delivered',NULL,3,NULL),(630,631,893,'2021-04-26','Delivered',NULL,3,NULL),(631,632,934,'2021-02-04','Delivered',NULL,2,NULL),(632,633,749,'2023-09-15','Delivered',NULL,2,NULL),(633,634,555,'2023-01-30','Delivered',NULL,5,NULL),(634,635,582,'2020-12-11','Delivered',NULL,5,NULL),(635,636,877,'2023-02-10','Delivered',NULL,4,NULL),(636,637,213,'2021-08-07','Delivered',NULL,3,NULL),(637,638,51,'2023-01-21','Delivered',NULL,2,NULL),(638,639,442,'2023-01-25','Delivered',NULL,2,NULL),(639,640,409,'2022-09-26','Shipped',NULL,2,NULL),(640,641,439,'2023-07-20','Delivered',NULL,4,NULL),(641,642,369,'2023-06-15','Delivered',NULL,3,NULL),(642,643,933,'2021-03-27','New',NULL,5,NULL),(643,644,427,'2022-08-20','New',NULL,4,NULL),(644,645,292,'2021-02-27','Shipped',NULL,5,NULL),(645,646,83,'2023-01-04','Delivered',NULL,3,NULL),(646,647,729,'2023-04-16','Delivered',NULL,3,NULL),(647,648,228,'2023-02-08','Shipped',NULL,2,NULL),(648,649,726,'2021-07-21','New',NULL,5,NULL),(649,650,183,'2022-07-03','Delivered',NULL,4,NULL),(650,651,936,'2022-10-20','Delivered',NULL,3,NULL),(651,652,964,'2021-08-25','Delivered',NULL,3,NULL),(652,653,296,'2023-11-04','Delivered',NULL,4,NULL),(653,654,774,'2023-10-01','Shipped',NULL,4,NULL),(654,655,962,'2022-01-12','New',NULL,3,NULL),(655,656,973,'2022-08-01','Delivered',NULL,5,NULL),(656,657,81,'2023-11-07','Delivered',NULL,2,NULL),(657,658,540,'2023-01-13','Delivered',NULL,3,NULL),(658,659,942,'2021-07-08','Shipped',NULL,4,NULL),(659,660,580,'2023-06-05','Delivered',NULL,4,NULL),(660,661,655,'2021-09-01','New',NULL,3,NULL),(661,662,334,'2022-03-14','New',NULL,3,NULL),(662,663,70,'2021-07-20','Delivered',NULL,3,NULL),(663,664,677,'2022-04-24','Delivered',NULL,5,NULL),(664,665,926,'2021-05-23','New',NULL,3,NULL),(665,666,906,'2021-09-04','Delivered',NULL,4,NULL),(666,667,711,'2023-09-22','New',NULL,5,NULL),(667,668,38,'2023-02-23','Delivered',NULL,3,NULL),(668,669,548,'2021-12-21','Delivered',NULL,4,NULL),(669,670,813,'2022-06-20','Delivered',NULL,2,NULL),(670,671,510,'2023-10-07','Shipped',NULL,4,NULL),(671,672,254,'2023-09-11','Shipped',NULL,4,NULL),(672,673,390,'2023-05-16','New',NULL,2,NULL),(673,674,254,'2023-09-11','Shipped',NULL,4,NULL),(674,675,340,'2023-10-05','Delivered',NULL,2,NULL),(675,676,884,'2021-08-25','Delivered',NULL,2,NULL),(676,677,908,'2022-11-21','Delivered',NULL,2,NULL),(677,678,914,'2023-06-27','New',NULL,2,NULL),(678,679,618,'2023-08-07','Delivered',NULL,4,NULL),(679,680,704,'2022-03-07','Delivered',NULL,2,NULL),(680,681,925,'2020-11-25','Delivered',NULL,2,NULL),(681,682,141,'2023-08-30','New',NULL,3,NULL),(682,683,145,'2021-10-27','Shipped',NULL,4,NULL),(683,684,58,'2023-06-30','Shipped',NULL,4,NULL),(684,685,917,'2023-11-29','Delivered',NULL,2,NULL),(685,686,690,'2023-04-26','New',NULL,2,NULL),(686,687,720,'2020-12-03','Shipped',NULL,4,NULL),(687,688,45,'2021-09-22','New',NULL,5,NULL),(688,689,94,'2022-12-22','Delivered',NULL,2,NULL),(689,690,589,'2020-10-23','Delivered',NULL,4,NULL),(690,691,893,'2021-04-26','Delivered',NULL,3,NULL),(691,692,841,'2022-03-13','Shipped',NULL,3,NULL),(692,693,468,'2021-01-01','Delivered',NULL,4,NULL),(693,694,490,'2021-05-11','New',NULL,3,NULL),(694,695,431,'2022-06-13','Delivered',NULL,4,NULL),(695,696,507,'2023-06-28','New',NULL,2,NULL),(696,697,850,'2022-11-04','Shipped',NULL,4,NULL),(697,698,8,'2023-08-03','Delivered',NULL,5,NULL),(698,699,524,'2021-04-21','Delivered',NULL,3,NULL),(699,700,952,'2020-12-16','New',NULL,5,NULL),(700,701,263,'2022-07-21','Shipped',NULL,2,NULL),(701,702,621,'2021-03-31','Delivered',NULL,2,NULL),(702,703,15,'2023-09-10','Delivered',NULL,2,NULL),(703,704,323,'2021-11-18','Delivered',NULL,4,NULL),(704,705,551,'2022-09-18','Delivered',NULL,2,NULL),(705,706,453,'2021-01-15','Delivered',NULL,5,NULL),(706,707,818,'2020-11-17','Delivered',NULL,3,NULL),(707,708,536,'2023-10-18','Delivered',NULL,4,NULL),(708,709,39,'2023-11-18','Delivered',NULL,5,NULL),(709,710,151,'2020-10-03','Delivered',NULL,4,NULL),(710,711,230,'2021-04-19','Delivered',NULL,4,NULL),(711,712,11,'2022-10-27','New',NULL,4,NULL),(712,713,403,'2022-06-07','Delivered',NULL,4,NULL),(713,714,845,'2022-03-21','New',NULL,3,NULL),(714,715,485,'2021-07-04','Delivered',NULL,2,NULL),(715,716,715,'2022-02-14','Shipped',NULL,4,NULL),(716,717,15,'2023-09-10','Delivered',NULL,2,NULL),(717,718,127,'2022-12-03','Delivered',NULL,4,NULL),(718,719,845,'2022-03-21','New',NULL,3,NULL),(719,720,843,'2023-04-16','Delivered',NULL,3,NULL),(720,721,150,'2020-10-19','Delivered',NULL,2,NULL),(721,722,449,'2021-09-22','Delivered',NULL,5,NULL),(722,723,555,'2023-01-30','Delivered',NULL,5,NULL),(723,724,588,'2022-12-16','Shipped',NULL,4,NULL),(724,725,777,'2023-11-15','Delivered',NULL,5,NULL),(725,726,726,'2021-07-21','New',NULL,5,NULL),(726,727,497,'2021-01-05','Delivered',NULL,2,NULL),(727,728,118,'2020-12-13','Delivered',NULL,2,NULL),(728,729,498,'2021-08-21','Delivered',NULL,2,NULL),(729,730,635,'2021-02-24','New',NULL,2,NULL),(730,731,246,'2020-12-10','Delivered',NULL,5,NULL),(731,732,141,'2023-08-30','New',NULL,3,NULL),(732,733,242,'2023-05-04','Shipped',NULL,2,NULL),(733,734,174,'2023-09-22','Delivered',NULL,2,NULL),(734,735,263,'2022-07-21','Shipped',NULL,2,NULL),(735,736,315,'2023-03-23','New',NULL,3,NULL),(736,737,258,'2022-01-01','New',NULL,4,NULL),(737,738,364,'2023-08-28','Shipped',NULL,5,NULL),(738,739,591,'2023-11-27','Delivered',NULL,3,NULL),(739,740,988,'2022-09-12','Delivered',NULL,4,NULL),(740,741,508,'2020-09-26','Delivered',NULL,3,NULL),(741,742,810,'2023-08-20','Delivered',NULL,2,NULL),(742,743,803,'2021-10-04','Delivered',NULL,2,NULL),(743,744,475,'2023-03-23','Shipped',NULL,5,NULL),(744,745,198,'2023-04-13','Delivered',NULL,2,NULL),(745,746,636,'2022-01-26','Delivered',NULL,4,NULL),(746,747,15,'2023-09-10','Delivered',NULL,2,NULL),(747,748,163,'2022-09-09','New',NULL,3,NULL),(748,749,91,'2021-04-12','Shipped',NULL,4,NULL),(749,750,712,'2020-12-19','Shipped',NULL,2,NULL),(750,751,98,'2023-02-06','Shipped',NULL,3,NULL),(751,752,801,'2021-12-05','New',NULL,3,NULL),(752,753,963,'2021-08-01','Delivered',NULL,3,NULL),(753,754,688,'2021-03-26','Shipped',NULL,5,NULL),(754,755,612,'2023-08-25','Shipped',NULL,2,NULL),(755,756,198,'2023-04-13','Delivered',NULL,2,NULL),(756,757,297,'2020-11-29','Delivered',NULL,4,NULL),(757,758,65,'2022-02-13','Delivered',NULL,3,NULL),(758,759,344,'2021-09-13','Delivered',NULL,5,NULL),(759,760,857,'2022-04-17','Shipped',NULL,3,NULL),(760,761,894,'2020-09-26','Shipped',NULL,5,NULL),(761,762,854,'2021-11-02','Shipped',NULL,3,NULL),(762,763,309,'2023-02-05','Delivered',NULL,5,NULL),(763,764,575,'2021-08-06','Delivered',NULL,5,NULL),(764,765,894,'2020-09-26','Shipped',NULL,5,NULL),(765,766,522,'2023-05-15','Delivered',NULL,4,NULL),(766,767,675,'2022-06-23','New',NULL,4,NULL),(767,768,974,'2022-02-16','Shipped',NULL,4,NULL),(768,769,305,'2022-01-18','Shipped',NULL,3,NULL),(769,770,334,'2022-03-14','New',NULL,3,NULL),(770,771,969,'2022-03-28','Delivered',NULL,3,NULL),(771,772,933,'2021-03-27','New',NULL,5,NULL),(772,773,5,'2021-06-03','Delivered',NULL,2,NULL),(773,774,994,'2022-05-07','Shipped',NULL,3,NULL),(774,775,938,'2022-07-08','Delivered',NULL,3,NULL),(775,776,680,'2022-04-14','Delivered',NULL,3,NULL),(776,777,581,'2021-12-25','Delivered',NULL,4,NULL),(777,778,253,'2023-06-18','Delivered',NULL,5,NULL),(778,779,974,'2022-02-16','Shipped',NULL,4,NULL),(779,780,679,'2022-07-22','Delivered',NULL,3,NULL),(780,781,362,'2021-11-17','Shipped',NULL,5,NULL),(781,782,347,'2023-11-23','New',NULL,4,NULL),(782,783,804,'2021-01-23','New',NULL,2,NULL),(783,784,659,'2020-09-07','Delivered',NULL,3,NULL),(784,785,309,'2023-02-05','Delivered',NULL,5,NULL),(785,786,782,'2022-10-31','Shipped',NULL,3,NULL),(786,787,50,'2023-08-01','Shipped',NULL,4,NULL),(787,788,266,'2022-06-16','New',NULL,4,NULL),(788,789,990,'2021-04-02','Shipped',NULL,3,NULL),(789,790,498,'2021-08-21','Delivered',NULL,2,NULL),(790,791,474,'2023-11-02','Shipped',NULL,4,NULL),(791,792,187,'2023-01-01','Shipped',NULL,3,NULL),(792,793,578,'2023-08-11','Delivered',NULL,4,NULL),(793,794,374,'2021-08-20','Delivered',NULL,3,NULL),(794,795,338,'2022-03-22','Delivered',NULL,4,NULL),(795,796,772,'2021-04-24','New',NULL,5,NULL),(796,797,20,'2022-09-06','Delivered',NULL,3,NULL),(797,798,8,'2023-08-03','Delivered',NULL,5,NULL),(798,799,479,'2022-10-04','New',NULL,5,NULL),(799,800,726,'2021-07-21','New',NULL,5,NULL),(800,801,79,'2023-04-28','Delivered',NULL,3,NULL),(801,802,751,'2021-04-20','Delivered',NULL,5,NULL),(802,803,198,'2023-04-13','Delivered',NULL,2,NULL),(803,804,339,'2023-10-13','New',NULL,4,NULL),(804,805,894,'2020-09-26','Shipped',NULL,5,NULL),(805,806,177,'2021-02-10','Delivered',NULL,5,NULL),(806,807,422,'2022-06-08','New',NULL,5,NULL),(807,808,385,'2021-01-06','New',NULL,5,NULL),(808,809,283,'2022-09-18','Shipped',NULL,4,NULL),(809,810,809,'2021-03-03','Delivered',NULL,4,NULL),(810,811,805,'2022-04-08','Shipped',NULL,3,NULL),(811,812,194,'2023-02-04','New',NULL,4,NULL),(812,813,848,'2023-05-07','Delivered',NULL,2,NULL),(813,814,32,'2023-11-15','Delivered',NULL,4,NULL),(814,815,59,'2023-09-27','Delivered',NULL,2,NULL),(815,816,243,'2021-03-03','Delivered',NULL,4,NULL),(816,817,123,'2022-01-24','Delivered',NULL,5,NULL),(817,818,760,'2021-09-11','Shipped',NULL,4,NULL),(818,819,863,'2021-10-17','Delivered',NULL,3,NULL),(819,820,381,'2021-05-19','Delivered',NULL,2,NULL),(820,821,369,'2023-06-15','Delivered',NULL,3,NULL),(821,822,722,'2021-09-16','New',NULL,4,NULL),(822,823,341,'2023-05-26','Delivered',NULL,5,NULL),(823,824,301,'2022-03-07','Delivered',NULL,3,NULL),(824,825,744,'2021-10-18','New',NULL,4,NULL),(825,826,594,'2022-11-12','Delivered',NULL,5,NULL),(826,827,873,'2021-04-30','Delivered',NULL,2,NULL),(827,828,427,'2022-08-20','New',NULL,4,NULL),(828,829,409,'2022-09-26','Shipped',NULL,2,NULL),(829,830,747,'2023-04-25','Delivered',NULL,2,NULL),(830,831,215,'2022-07-29','Delivered',NULL,2,NULL),(831,832,189,'2021-04-20','New',NULL,3,NULL),(832,833,337,'2022-10-05','Delivered',NULL,3,NULL),(833,834,604,'2022-02-05','Delivered',NULL,3,NULL),(834,835,610,'2021-12-15','New',NULL,5,NULL),(835,836,715,'2022-02-14','Shipped',NULL,4,NULL),(836,837,63,'2023-05-20','Delivered',NULL,3,NULL),(837,838,390,'2023-05-16','New',NULL,2,NULL),(838,839,870,'2020-11-05','Delivered',NULL,3,NULL),(839,840,434,'2022-03-21','Delivered',NULL,5,NULL),(840,841,398,'2022-10-16','New',NULL,4,NULL),(841,842,235,'2021-11-18','Delivered',NULL,5,NULL),(842,843,250,'2023-10-19','Delivered',NULL,2,NULL),(843,844,830,'2022-12-28','Delivered',NULL,2,NULL),(844,845,847,'2023-03-20','Shipped',NULL,5,NULL),(845,846,834,'2021-08-09','Delivered',NULL,2,NULL),(846,847,675,'2022-06-23','New',NULL,4,NULL),(847,848,91,'2021-04-12','Shipped',NULL,4,NULL),(848,849,433,'2021-12-19','Delivered',NULL,4,NULL),(849,850,473,'2023-11-17','Shipped',NULL,3,NULL),(850,851,113,'2023-03-11','Delivered',NULL,3,NULL),(851,852,346,'2022-02-05','Delivered',NULL,5,NULL),(852,853,566,'2022-10-04','Delivered',NULL,3,NULL),(853,854,899,'2022-12-30','Delivered',NULL,2,NULL),(854,855,687,'2021-05-17','Shipped',NULL,4,NULL),(855,856,355,'2022-08-07','Shipped',NULL,4,NULL),(856,857,22,'2022-01-22','Delivered',NULL,2,NULL),(857,858,143,'2021-01-06','New',NULL,4,NULL),(858,859,305,'2022-01-18','Shipped',NULL,3,NULL),(859,860,783,'2023-03-11','Shipped',NULL,5,NULL),(860,861,80,'2020-10-26','Delivered',NULL,5,NULL),(861,862,919,'2021-04-04','Delivered',NULL,3,NULL),(862,863,965,'2021-12-07','Delivered',NULL,5,NULL),(863,864,720,'2020-12-03','Shipped',NULL,4,NULL),(864,865,680,'2022-04-14','Delivered',NULL,3,NULL),(865,866,373,'2022-11-19','Shipped',NULL,2,NULL),(866,867,395,'2022-10-09','Delivered',NULL,5,NULL),(867,868,726,'2021-07-21','New',NULL,5,NULL),(868,869,934,'2021-02-04','Delivered',NULL,2,NULL),(869,870,944,'2021-07-14','Delivered',NULL,5,NULL),(870,871,120,'2023-05-11','Delivered',NULL,5,NULL),(871,872,253,'2023-06-18','Delivered',NULL,5,NULL),(872,873,477,'2020-12-15','Shipped',NULL,3,NULL),(873,874,277,'2022-06-12','Shipped',NULL,2,NULL),(874,875,608,'2021-02-05','Delivered',NULL,3,NULL),(875,876,37,'2021-06-23','Delivered',NULL,4,NULL),(876,877,403,'2022-06-07','Delivered',NULL,4,NULL),(877,878,528,'2021-11-21','Delivered',NULL,3,NULL),(878,879,991,'2023-10-07','Shipped',NULL,3,NULL),(879,880,504,'2023-03-25','Delivered',NULL,2,NULL),(880,881,933,'2021-03-27','New',NULL,5,NULL),(881,882,189,'2021-04-20','New',NULL,3,NULL),(882,883,253,'2023-06-18','Delivered',NULL,5,NULL),(883,884,671,'2021-08-11','Delivered',NULL,4,NULL),(884,885,820,'2021-09-15','Shipped',NULL,3,NULL),(885,886,838,'2021-12-11','New',NULL,2,NULL),(886,887,72,'2021-11-17','Shipped',NULL,3,NULL),(887,888,57,'2021-02-27','Shipped',NULL,4,NULL),(888,889,7,'2021-02-19','Delivered',NULL,5,NULL),(889,890,812,'2020-11-10','Delivered',NULL,3,NULL),(890,891,58,'2023-06-30','Shipped',NULL,4,NULL),(891,892,302,'2023-05-17','Delivered',NULL,4,NULL),(892,893,328,'2023-02-19','Shipped',NULL,2,NULL),(893,894,844,'2022-05-15','New',NULL,3,NULL),(894,895,140,'2021-12-23','Delivered',NULL,5,NULL),(895,896,630,'2023-02-15','Shipped',NULL,5,NULL),(896,897,312,'2021-08-16','New',NULL,4,NULL),(897,898,968,'2023-07-03','New',NULL,3,NULL),(898,899,820,'2021-09-15','Shipped',NULL,3,NULL),(899,900,8,'2023-08-03','Delivered',NULL,5,NULL),(900,901,319,'2023-10-24','Delivered',NULL,2,NULL),(901,902,489,'2022-04-12','Shipped',NULL,5,NULL),(902,903,435,'2021-09-15','Delivered',NULL,2,NULL),(903,904,198,'2023-04-13','Delivered',NULL,2,NULL),(904,905,346,'2022-02-05','Delivered',NULL,5,NULL),(905,906,387,'2020-09-16','New',NULL,5,NULL),(906,907,359,'2022-12-20','Delivered',NULL,3,NULL),(907,908,746,'2022-06-07','Delivered',NULL,3,NULL),(908,909,853,'2022-11-25','New',NULL,5,NULL),(909,910,161,'2022-05-16','Delivered',NULL,5,NULL),(910,911,361,'2022-08-30','Delivered',NULL,4,NULL),(911,912,464,'2022-06-26','Shipped',NULL,3,NULL),(912,913,128,'2022-09-03','Shipped',NULL,5,NULL),(913,914,254,'2023-09-11','Shipped',NULL,4,NULL),(914,915,819,'2020-10-26','Shipped',NULL,2,NULL),(915,916,803,'2021-10-04','Delivered',NULL,2,NULL),(916,917,633,'2023-05-29','New',NULL,5,NULL),(917,918,644,'2022-09-27','Delivered',NULL,5,NULL),(918,919,87,'2023-03-15','Delivered',NULL,3,NULL),(919,920,607,'2020-11-22','New',NULL,4,NULL),(920,921,55,'2020-10-21','Shipped',NULL,5,NULL),(921,922,420,'2021-03-19','Shipped',NULL,3,NULL),(922,923,801,'2021-12-05','New',NULL,3,NULL),(923,924,969,'2022-03-28','Delivered',NULL,3,NULL),(924,925,68,'2022-10-27','Shipped',NULL,2,NULL),(925,926,476,'2021-05-10','New',NULL,5,NULL),(926,927,513,'2022-04-01','Delivered',NULL,4,NULL),(927,928,244,'2022-11-25','New',NULL,2,NULL),(928,929,813,'2022-06-20','Delivered',NULL,2,NULL),(929,930,739,'2022-12-07','New',NULL,5,NULL),(930,931,581,'2021-12-25','Delivered',NULL,4,NULL),(931,932,739,'2022-12-07','New',NULL,5,NULL),(932,933,67,'2021-01-19','Delivered',NULL,4,NULL),(933,934,972,'2021-01-29','Delivered',NULL,4,NULL),(934,935,470,'2022-12-14','Delivered',NULL,4,NULL),(935,936,990,'2021-04-02','Shipped',NULL,3,NULL),(936,937,171,'2022-09-07','Shipped',NULL,4,NULL),(937,938,647,'2021-06-17','Delivered',NULL,5,NULL),(938,939,813,'2022-06-20','Delivered',NULL,2,NULL),(939,940,635,'2021-02-24','New',NULL,2,NULL),(940,941,703,'2021-11-13','New',NULL,2,NULL),(941,942,543,'2021-05-20','New',NULL,2,NULL),(942,943,385,'2021-01-06','New',NULL,5,NULL),(943,944,444,'2023-03-17','Delivered',NULL,5,NULL),(944,945,534,'2022-08-12','Delivered',NULL,3,NULL),(945,946,986,'2023-07-15','Shipped',NULL,5,NULL),(946,947,506,'2021-05-05','Shipped',NULL,3,NULL),(947,948,815,'2021-11-16','New',NULL,2,NULL),(948,949,604,'2022-02-05','Delivered',NULL,3,NULL),(949,950,732,'2021-01-11','Delivered',NULL,2,NULL),(950,951,280,'2022-05-06','New',NULL,2,NULL),(951,952,246,'2020-12-10','Delivered',NULL,5,NULL),(952,953,23,'2023-07-24','Delivered',NULL,3,NULL),(953,954,81,'2023-11-07','Delivered',NULL,2,NULL),(954,955,265,'2022-03-28','New',NULL,4,NULL),(955,956,39,'2023-11-18','Delivered',NULL,5,NULL),(956,957,559,'2020-10-08','Delivered',NULL,4,NULL),(957,958,576,'2022-09-15','Shipped',NULL,2,NULL),(958,959,953,'2020-11-22','New',NULL,4,NULL),(959,960,137,'2021-03-22','Delivered',NULL,5,NULL),(960,961,526,'2021-11-11','Delivered',NULL,4,NULL),(961,962,179,'2023-08-28','Shipped',NULL,4,NULL),(962,963,86,'2022-12-15','Delivered',NULL,5,NULL),(963,964,16,'2020-10-01','New',NULL,4,NULL),(964,965,652,'2021-03-17','Delivered',NULL,3,NULL),(965,966,696,'2021-04-15','Delivered',NULL,4,NULL),(966,967,705,'2022-03-26','Delivered',NULL,3,NULL),(967,968,935,'2021-01-31','New',NULL,4,NULL),(968,969,272,'2022-09-01','Delivered',NULL,5,NULL),(969,970,984,'2023-01-19','Delivered',NULL,2,NULL),(970,971,306,'2022-02-08','Delivered',NULL,4,NULL),(971,972,817,'2021-04-07','Shipped',NULL,3,NULL),(972,973,305,'2022-01-18','Shipped',NULL,3,NULL),(973,974,172,'2022-03-14','Delivered',NULL,2,NULL),(974,975,206,'2021-10-13','Shipped',NULL,3,NULL),(975,976,180,'2022-06-29','Delivered',NULL,3,NULL),(976,977,896,'2022-12-19','Delivered',NULL,2,NULL),(977,978,625,'2022-01-07','Delivered',NULL,5,NULL),(978,979,472,'2023-04-04','New',NULL,2,NULL),(979,980,219,'2023-01-27','Shipped',NULL,3,NULL),(980,981,984,'2023-01-19','Delivered',NULL,2,NULL),(981,982,391,'2022-12-06','Shipped',NULL,2,NULL),(982,983,233,'2022-01-19','Delivered',NULL,3,NULL),(983,984,681,'2021-04-28','Delivered',NULL,3,NULL),(984,985,482,'2021-10-23','Delivered',NULL,2,NULL),(985,986,154,'2020-12-31','Shipped',NULL,5,NULL),(986,987,648,'2022-06-06','Delivered',NULL,2,NULL),(987,988,465,'2023-03-08','Delivered',NULL,4,NULL),(988,989,704,'2022-03-07','Delivered',NULL,2,NULL),(989,990,436,'2021-01-12','Delivered',NULL,5,NULL),(990,991,654,'2020-10-20','Delivered',NULL,3,NULL),(991,992,860,'2021-08-14','New',NULL,2,NULL),(992,993,191,'2022-07-05','Delivered',NULL,5,NULL),(993,994,317,'2022-07-07','Delivered',NULL,3,NULL),(994,995,782,'2022-10-31','Shipped',NULL,3,NULL),(995,996,205,'2021-01-24','Delivered',NULL,4,NULL),(996,997,646,'2021-02-24','Delivered',NULL,2,NULL),(997,998,946,'2023-11-03','Delivered',NULL,4,NULL),(998,999,425,'2022-11-22','New',NULL,3,NULL),(999,1000,464,'2022-06-26','Shipped',NULL,3,NULL),(1000,1001,1001,'2023-11-28','New',NULL,5,NULL),(1001,1002,1001,'2023-11-28','New',NULL,5,NULL),(1002,1003,9,'2021-07-12','Delivered',NULL,2,NULL),(1003,1004,9,'2021-07-12','Delivered',NULL,2,NULL),(1004,1005,9,'2021-07-12','Delivered',NULL,2,NULL),(1005,1006,12,'2021-04-26','New',NULL,4,NULL),(1006,1007,14,'2021-02-03','Delivered',NULL,5,NULL),(1007,1008,17,'2022-09-10','Delivered',NULL,4,NULL),(1008,1009,21,'2023-06-03','Delivered',NULL,2,NULL),(1009,1010,24,'2021-01-01','Delivered',NULL,2,NULL),(1010,1011,24,'2021-01-01','Delivered',NULL,2,NULL),(1011,1012,27,'2020-11-07','Delivered',NULL,5,NULL),(1012,1013,29,'2021-01-18','New',NULL,5,NULL),(1013,1014,29,'2021-01-18','New',NULL,5,NULL),(1014,1015,40,'2022-11-05','Delivered',NULL,3,NULL),(1015,1016,40,'2022-11-05','Delivered',NULL,3,NULL),(1016,1017,40,'2022-11-05','Delivered',NULL,3,NULL),(1017,1018,46,'2021-12-18','Delivered',NULL,4,NULL),(1018,1019,52,'2023-01-28','New',NULL,4,NULL),(1019,1020,52,'2023-01-28','New',NULL,4,NULL),(1020,1021,60,'2023-04-11','New',NULL,2,NULL),(1021,1022,62,'2023-07-17','Delivered',NULL,5,NULL),(1022,1023,66,'2022-01-04','Delivered',NULL,3,NULL),(1023,1024,69,'2023-05-31','New',NULL,5,NULL),(1024,1025,71,'2022-04-29','Shipped',NULL,5,NULL),(1025,1026,71,'2022-04-29','Shipped',NULL,5,NULL),(1026,1027,73,'2021-05-20','Shipped',NULL,5,NULL),(1027,1028,73,'2021-05-20','Shipped',NULL,5,NULL),(1028,1029,73,'2021-05-20','Shipped',NULL,5,NULL),(1029,1030,76,'2021-11-23','Delivered',NULL,5,NULL),(1030,1031,82,'2021-08-30','Shipped',NULL,2,NULL),(1031,1032,82,'2021-08-30','Shipped',NULL,2,NULL),(1032,1033,84,'2023-06-15','Delivered',NULL,2,NULL),(1033,1034,84,'2023-06-15','Delivered',NULL,2,NULL),(1034,1035,88,'2020-09-07','New',NULL,3,NULL),(1035,1036,88,'2020-09-07','New',NULL,3,NULL),(1036,1037,93,'2021-12-24','New',NULL,4,NULL),(1037,1038,96,'2020-10-30','Shipped',NULL,3,NULL),(1038,1039,101,'2023-09-30','Shipped','Product Quality Issues',NULL,'Closed'),(1039,1040,101,'2023-09-30','Shipped','Product Quality Issues',NULL,'Closed'),(1040,1041,105,'2020-12-28','New',NULL,4,NULL),(1041,1042,105,'2020-12-28','New',NULL,4,NULL),(1042,1043,115,'2021-04-10','Delivered',NULL,3,NULL),(1043,1044,117,'2023-01-10','Delivered',NULL,3,NULL),(1044,1045,117,'2023-01-10','Delivered',NULL,3,NULL),(1045,1046,117,'2023-01-10','Delivered',NULL,3,NULL),(1046,1047,122,'2022-10-15','Delivered',NULL,5,NULL),(1047,1048,122,'2022-10-15','Delivered',NULL,5,NULL),(1048,1049,122,'2022-10-15','Delivered',NULL,5,NULL),(1049,1050,124,'2022-12-21','Delivered',NULL,2,NULL),(1050,1051,124,'2022-12-21','Delivered',NULL,2,NULL),(1051,1052,126,'2022-07-20','New',NULL,4,NULL),(1052,1053,126,'2022-07-20','New',NULL,4,NULL),(1053,1054,130,'2022-09-18','Shipped',NULL,3,NULL),(1054,1055,135,'2023-01-22','New',NULL,5,NULL),(1055,1056,139,'2021-12-09','New',NULL,3,NULL),(1056,1057,146,'2021-08-04','Shipped',NULL,3,NULL),(1057,1058,146,'2021-08-04','Shipped',NULL,3,NULL),(1058,1059,149,'2023-02-08','Delivered',NULL,2,NULL),(1059,1060,152,'2021-08-09','Delivered',NULL,5,NULL),(1060,1061,152,'2021-08-09','Delivered',NULL,5,NULL),(1061,1062,155,'2021-07-02','Shipped',NULL,3,NULL),(1062,1063,155,'2021-07-02','Shipped',NULL,3,NULL),(1063,1064,157,'2022-12-03','Shipped',NULL,3,NULL),(1064,1065,159,'2022-03-19','Shipped',NULL,2,NULL),(1065,1066,162,'2020-12-21','Delivered',NULL,4,NULL),(1066,1067,162,'2020-12-21','Delivered',NULL,4,NULL),(1067,1068,166,'2021-12-13','Shipped',NULL,2,NULL),(1068,1069,175,'2021-04-13','New',NULL,2,NULL),(1069,1070,181,'2021-01-09','Shipped',NULL,2,NULL),(1070,1071,181,'2021-01-09','Shipped',NULL,2,NULL),(1071,1072,184,'2021-06-09','Delivered',NULL,5,NULL),(1072,1073,190,'2023-07-16','Delivered',NULL,2,NULL),(1073,1074,190,'2023-07-16','Delivered',NULL,2,NULL),(1074,1075,190,'2023-07-16','Delivered',NULL,2,NULL),(1075,1076,193,'2020-09-03','Delivered',NULL,3,NULL),(1076,1077,195,'2023-11-25','Shipped',NULL,4,NULL),(1077,1078,197,'2022-11-15','Delivered',NULL,2,NULL),(1078,1079,199,'2023-10-22','Delivered',NULL,4,NULL),(1079,1080,199,'2023-10-22','Delivered',NULL,4,NULL),(1080,1081,199,'2023-10-22','Delivered',NULL,4,NULL),(1081,1082,199,'2023-10-22','Delivered',NULL,4,NULL),(1082,1083,201,'2023-02-28','Shipped',NULL,4,NULL),(1083,1084,207,'2021-08-11','Delivered',NULL,3,NULL),(1084,1085,212,'2021-05-22','Delivered',NULL,5,NULL),(1085,1086,212,'2021-05-22','Delivered',NULL,5,NULL),(1086,1087,214,'2023-05-16','Delivered',NULL,5,NULL),(1087,1088,216,'2020-09-02','Shipped',NULL,5,NULL),(1088,1089,218,'2021-06-25','Delivered',NULL,3,NULL),(1089,1090,218,'2021-06-25','Delivered',NULL,3,NULL),(1090,1091,221,'2022-06-19','Delivered',NULL,2,NULL),(1091,1092,225,'2023-08-23','Delivered',NULL,3,NULL),(1092,1093,227,'2022-05-31','Delivered',NULL,2,NULL),(1093,1094,229,'2020-12-18','Delivered',NULL,5,NULL),(1094,1095,234,'2022-02-14','Delivered',NULL,5,NULL),(1095,1096,236,'2022-07-11','Shipped',NULL,4,NULL),(1096,1097,238,'2023-11-02','Shipped',NULL,2,NULL),(1097,1098,238,'2023-11-02','Shipped',NULL,2,NULL),(1098,1099,241,'2022-07-09','Delivered',NULL,5,NULL),(1099,1100,248,'2020-11-27','New',NULL,3,NULL),(1100,1101,255,'2022-10-07','Delivered',NULL,4,NULL),(1101,1102,255,'2022-10-07','Delivered',NULL,4,NULL),(1102,1103,255,'2022-10-07','Delivered',NULL,4,NULL),(1103,1104,255,'2022-10-07','Delivered',NULL,4,NULL),(1104,1105,257,'2021-03-22','Delivered',NULL,5,NULL),(1105,1106,259,'2022-08-28','Delivered',NULL,5,NULL),(1106,1107,259,'2022-08-28','Delivered',NULL,5,NULL),(1107,1108,262,'2020-10-01','Delivered',NULL,4,NULL),(1108,1109,264,'2021-07-09','Delivered',NULL,5,NULL),(1109,1110,264,'2021-07-09','Delivered',NULL,5,NULL),(1110,1111,270,'2022-01-23','Delivered',NULL,5,NULL),(1111,1112,270,'2022-01-23','Delivered',NULL,5,NULL),(1112,1113,274,'2023-05-01','Delayed',NULL,3,NULL),(1113,1114,274,'2023-05-01','Delayed',NULL,3,NULL),(1114,1115,279,'2022-08-19','Delivered',NULL,3,NULL),(1115,1116,279,'2022-08-19','Delivered',NULL,3,NULL),(1116,1117,281,'2022-05-07','Delivered',NULL,3,NULL),(1117,1118,284,'2021-02-27','Delivered',NULL,5,NULL),(1118,1119,287,'2023-02-26','Delivered',NULL,3,NULL),(1119,1120,290,'2022-01-21','Delivered',NULL,3,NULL),(1120,1121,294,'2023-08-02','Delivered',NULL,3,NULL),(1121,1122,294,'2023-08-02','Delivered',NULL,3,NULL),(1122,1123,294,'2023-08-02','Delivered',NULL,3,NULL),(1123,1124,303,'2022-03-17','Delivered',NULL,2,NULL),(1124,1125,303,'2022-03-17','Delivered',NULL,2,NULL),(1125,1126,307,'2021-06-10','Delivered',NULL,5,NULL),(1126,1127,311,'2023-03-17','Delivered',NULL,4,NULL),(1127,1128,313,'2022-01-21','Delivered',NULL,2,NULL),(1128,1129,313,'2022-01-21','Delivered',NULL,2,NULL),(1129,1130,321,'2021-04-09','New',NULL,3,NULL),(1130,1131,324,'2022-03-17','Delivered',NULL,3,NULL),(1131,1132,329,'2021-07-09','Delivered',NULL,2,NULL),(1132,1133,329,'2021-07-09','Delivered',NULL,2,NULL),(1133,1134,329,'2021-07-09','Delivered',NULL,2,NULL),(1134,1135,332,'2022-07-12','Delivered',NULL,2,NULL),(1135,1136,343,'2023-07-24','Delivered',NULL,5,NULL),(1136,1137,352,'2021-05-21','Delivered',NULL,4,NULL),(1137,1138,354,'2021-05-03','Delivered',NULL,2,NULL),(1138,1139,354,'2021-05-03','Delivered',NULL,2,NULL),(1139,1140,357,'2023-07-07','Delivered',NULL,3,NULL),(1140,1141,357,'2023-07-07','Delivered',NULL,3,NULL),(1141,1142,360,'2022-03-15','Shipped',NULL,5,NULL),(1142,1143,363,'2022-09-29','Delivered',NULL,5,NULL),(1143,1144,365,'2021-01-04','Shipped',NULL,5,NULL),(1144,1145,367,'2022-04-04','Delivered',NULL,5,NULL),(1145,1146,367,'2022-04-04','Delivered',NULL,5,NULL),(1146,1147,370,'2021-07-01','Shipped',NULL,5,NULL),(1147,1148,370,'2021-07-01','Shipped',NULL,5,NULL),(1148,1149,375,'2021-01-24','Delivered',NULL,2,NULL),(1149,1150,382,'2023-10-11','Shipped',NULL,4,NULL),(1150,1151,388,'2022-02-09','Delivered',NULL,5,NULL),(1151,1152,388,'2022-02-09','Delivered',NULL,5,NULL),(1152,1153,393,'2021-08-31','Delivered',NULL,4,NULL),(1153,1154,393,'2021-08-31','Delivered',NULL,4,NULL),(1154,1155,397,'2021-11-24','New',NULL,3,NULL),(1155,1156,402,'2021-09-15','Delivered',NULL,5,NULL),(1156,1157,402,'2021-09-15','Delivered',NULL,5,NULL),(1157,1158,404,'2021-09-16','Delivered',NULL,5,NULL),(1158,1159,404,'2021-09-16','Delivered',NULL,5,NULL),(1159,1160,404,'2021-09-16','Delivered',NULL,5,NULL),(1160,1161,410,'2022-10-09','Shipped',NULL,2,NULL),(1161,1162,410,'2022-10-09','Shipped',NULL,2,NULL),(1162,1163,410,'2022-10-09','Shipped',NULL,2,NULL),(1163,1164,414,'2023-08-20','Delivered',NULL,4,NULL),(1164,1165,416,'2022-03-27','Shipped',NULL,5,NULL),(1165,1166,416,'2022-03-27','Shipped',NULL,5,NULL),(1166,1167,416,'2022-03-27','Shipped',NULL,5,NULL),(1167,1168,421,'2022-01-01','Shipped',NULL,2,NULL),(1168,1169,421,'2022-01-01','Shipped',NULL,2,NULL),(1169,1170,423,'2022-12-02','Delivered',NULL,5,NULL),(1170,1171,429,'2023-01-08','Shipped',NULL,2,NULL),(1171,1172,437,'2023-09-15','Delivered',NULL,2,NULL),(1172,1173,441,'2022-07-09','Delivered',NULL,5,NULL),(1173,1174,441,'2022-07-09','Delivered',NULL,5,NULL),(1174,1175,443,'2023-05-11','Delivered',NULL,3,NULL),(1175,1176,446,'2021-10-18','Delivered',NULL,5,NULL),(1176,1177,451,'2022-03-23','Delivered',NULL,2,NULL),(1177,1178,454,'2021-01-23','Delivered',NULL,4,NULL),(1178,1179,454,'2021-01-23','Delivered',NULL,4,NULL),(1179,1180,456,'2023-01-25','Shipped',NULL,5,NULL),(1180,1181,461,'2022-08-23','Shipped',NULL,5,NULL),(1181,1182,463,'2023-07-15','New',NULL,5,NULL),(1182,1183,466,'2023-12-02','Delivered',NULL,4,NULL),(1183,1184,469,'2023-05-02','Delivered',NULL,3,NULL),(1184,1185,478,'2021-10-24','Shipped',NULL,4,NULL),(1185,1186,478,'2021-10-24','Shipped',NULL,4,NULL),(1186,1187,486,'2023-08-19','Delivered',NULL,2,NULL),(1187,1188,486,'2023-08-19','Delivered',NULL,2,NULL),(1188,1189,491,'2021-07-13','Delivered',NULL,5,NULL),(1189,1190,499,'2022-12-30','New',NULL,3,NULL),(1190,1191,499,'2022-12-30','New',NULL,3,NULL),(1191,1192,505,'2020-10-29','Delivered',NULL,4,NULL),(1192,1193,505,'2020-10-29','Delivered',NULL,4,NULL),(1193,1194,509,'2021-11-20','Delivered',NULL,2,NULL),(1194,1195,509,'2021-11-20','Delivered',NULL,2,NULL),(1195,1196,511,'2022-02-09','Delivered',NULL,5,NULL),(1196,1197,514,'2023-06-07','New',NULL,2,NULL),(1197,1198,519,'2022-12-31','Delivered',NULL,3,NULL),(1198,1199,525,'2021-05-26','New',NULL,5,NULL),(1199,1200,525,'2021-05-26','New',NULL,5,NULL),(1200,1201,530,'2023-07-08','New',NULL,2,NULL),(1201,1202,533,'2020-09-04','Delivered',NULL,4,NULL),(1202,1203,535,'2022-12-17','Delivered',NULL,3,NULL),(1203,1204,537,'2020-12-23','New',NULL,3,NULL),(1204,1205,542,'2021-03-16','New',NULL,3,NULL),(1205,1206,542,'2021-03-16','New',NULL,3,NULL),(1206,1207,549,'2020-11-21','Delivered',NULL,3,NULL),(1207,1208,556,'2022-07-01','Delivered',NULL,4,NULL),(1208,1209,556,'2022-07-01','Delivered',NULL,4,NULL),(1209,1210,560,'2023-08-07','Delivered',NULL,5,NULL),(1210,1211,564,'2020-09-09','Shipped',NULL,3,NULL),(1211,1212,567,'2022-08-29','Delivered',NULL,5,NULL),(1212,1213,577,'2023-09-05','Delivered',NULL,2,NULL),(1213,1214,577,'2023-09-05','Delivered',NULL,2,NULL),(1214,1215,577,'2023-09-05','Delivered',NULL,2,NULL),(1215,1216,584,'2022-04-08','Shipped',NULL,2,NULL),(1216,1217,587,'2021-03-03','New',NULL,5,NULL),(1217,1218,587,'2021-03-03','New',NULL,5,NULL),(1218,1219,587,'2021-03-03','New',NULL,5,NULL),(1219,1220,590,'2023-03-02','Shipped',NULL,4,NULL),(1220,1221,590,'2023-03-02','Shipped',NULL,4,NULL),(1221,1222,593,'2022-01-07','Shipped',NULL,4,NULL),(1222,1223,596,'2022-12-15','Shipped',NULL,3,NULL),(1223,1224,600,'2021-11-20','New',NULL,5,NULL),(1224,1225,602,'2023-09-13','New',NULL,4,NULL),(1225,1226,609,'2020-12-15','New',NULL,5,NULL),(1226,1227,611,'2021-11-19','Delivered',NULL,3,NULL),(1227,1228,614,'2023-08-02','Shipped',NULL,5,NULL),(1228,1229,614,'2023-08-02','Shipped',NULL,5,NULL),(1229,1230,616,'2022-10-17','Delivered',NULL,3,NULL),(1230,1231,616,'2022-10-17','Delivered',NULL,3,NULL),(1231,1232,619,'2021-12-08','Delivered',NULL,4,NULL),(1232,1233,619,'2021-12-08','Delivered',NULL,4,NULL),(1233,1234,631,'2023-03-28','Shipped',NULL,4,NULL),(1234,1235,634,'2022-08-24','New',NULL,5,NULL),(1235,1236,638,'2020-10-10','Delivered',NULL,3,NULL),(1236,1237,638,'2020-10-10','Delivered',NULL,3,NULL),(1237,1238,641,'2023-03-26','New',NULL,4,NULL),(1238,1239,645,'2023-09-09','New',NULL,3,NULL),(1239,1240,645,'2023-09-09','New',NULL,3,NULL),(1240,1241,650,'2022-10-25','Shipped',NULL,2,NULL),(1241,1242,653,'2021-09-14','New',NULL,4,NULL),(1242,1243,657,'2023-07-05','Delivered',NULL,4,NULL),(1243,1244,661,'2022-07-04','Delivered',NULL,2,NULL),(1244,1245,666,'2023-03-26','Delivered',NULL,5,NULL),(1245,1246,666,'2023-03-26','Delivered',NULL,5,NULL),(1246,1247,669,'2022-08-18','New',NULL,4,NULL),(1247,1248,673,'2023-04-18','Delivered',NULL,4,NULL),(1248,1249,678,'2021-12-08','Shipped',NULL,2,NULL),(1249,1250,678,'2021-12-08','Shipped',NULL,2,NULL),(1250,1251,682,'2023-10-19','Delivered',NULL,5,NULL),(1251,1252,682,'2023-10-19','Delivered',NULL,5,NULL),(1252,1253,685,'2021-10-26','Shipped',NULL,4,NULL),(1253,1254,685,'2021-10-26','Shipped',NULL,4,NULL),(1254,1255,689,'2022-12-08','Delivered',NULL,5,NULL),(1255,1256,692,'2021-06-04','New',NULL,3,NULL),(1256,1257,695,'2023-08-24','Shipped',NULL,2,NULL),(1257,1258,697,'2021-02-17','Delivered',NULL,5,NULL),(1258,1259,706,'2021-07-19','Delivered',NULL,4,NULL),(1259,1260,714,'2022-10-12','Delivered',NULL,4,NULL),(1260,1261,718,'2022-04-26','New',NULL,4,NULL),(1261,1262,723,'2020-09-30','Shipped',NULL,3,NULL),(1262,1263,727,'2021-04-24','Delivered',NULL,5,NULL),(1263,1264,727,'2021-04-24','Delivered',NULL,5,NULL),(1264,1265,727,'2021-04-24','Delivered',NULL,5,NULL),(1265,1266,727,'2021-04-24','Delivered',NULL,5,NULL),(1266,1267,727,'2021-04-24','Delivered',NULL,5,NULL),(1267,1268,734,'2023-03-31','Shipped',NULL,2,NULL),(1268,1269,734,'2023-03-31','Shipped',NULL,2,NULL),(1269,1270,736,'2022-11-08','Shipped',NULL,4,NULL),(1270,1271,738,'2022-12-18','Delivered',NULL,2,NULL),(1271,1272,740,'2022-11-23','New',NULL,4,NULL),(1272,1273,740,'2022-11-23','New',NULL,4,NULL),(1273,1274,745,'2021-03-02','Delivered',NULL,3,NULL),(1274,1275,750,'2021-02-01','Delivered',NULL,2,NULL),(1275,1276,753,'2022-09-20','Shipped',NULL,4,NULL),(1276,1277,758,'2022-06-24','Delivered',NULL,2,NULL),(1277,1278,758,'2022-06-24','Delivered',NULL,2,NULL),(1278,1279,758,'2022-06-24','Delivered',NULL,2,NULL),(1279,1280,762,'2021-08-26','Delivered',NULL,3,NULL),(1280,1281,766,'2023-05-09','New','Customer Service Problems',5,'Rejected'),(1281,1282,770,'2023-11-22','Delivered',NULL,5,NULL),(1282,1283,773,'2021-08-29','Delivered',NULL,5,NULL),(1283,1284,775,'2023-05-26','Delivered',NULL,5,NULL),(1284,1285,775,'2023-05-26','Delivered',NULL,5,NULL),(1285,1286,778,'2021-09-10','Delivered',NULL,2,NULL),(1286,1287,778,'2021-09-10','Delivered',NULL,2,NULL),(1287,1288,778,'2021-09-10','Delivered',NULL,2,NULL),(1288,1289,781,'2020-09-07','Delivered',NULL,3,NULL),(1289,1290,784,'2021-01-02','Shipped',NULL,3,NULL),(1290,1291,786,'2021-07-24','Shipped',NULL,2,NULL),(1291,1292,786,'2021-07-24','Shipped',NULL,2,NULL),(1292,1293,786,'2021-07-24','Shipped',NULL,2,NULL),(1293,1294,793,'2022-05-02','Delivered',NULL,2,NULL),(1294,1295,798,'2021-05-17','Delivered',NULL,2,NULL),(1295,1296,800,'2021-10-01','Delivered',NULL,4,NULL),(1296,1297,802,'2023-12-04','Shipped',NULL,2,NULL),(1297,1298,802,'2023-12-04','Shipped',NULL,2,NULL),(1298,1299,806,'2022-07-29','Shipped',NULL,3,NULL),(1299,1300,808,'2023-03-13','New',NULL,2,NULL),(1300,1301,821,'2022-08-01','Shipped',NULL,5,NULL),(1301,1302,821,'2022-08-01','Shipped',NULL,5,NULL),(1302,1303,821,'2022-08-01','Shipped',NULL,5,NULL),(1303,1304,821,'2022-08-01','Shipped',NULL,5,NULL),(1304,1305,821,'2022-08-01','Shipped',NULL,5,NULL),(1305,1306,825,'2021-03-22','Delivered',NULL,2,NULL),(1306,1307,825,'2021-03-22','Delivered',NULL,2,NULL),(1307,1308,825,'2021-03-22','Delivered',NULL,2,NULL),(1308,1309,825,'2021-03-22','Delivered',NULL,2,NULL),(1309,1310,828,'2022-05-28','Delivered',NULL,2,NULL),(1310,1311,831,'2023-03-16','Shipped',NULL,3,NULL),(1311,1312,835,'2021-07-24','Delivered','Billing and Pricing Disputes',NULL,'Closed'),(1312,1313,842,'2022-05-31','New',NULL,3,NULL),(1313,1314,846,'2022-05-23','Delivered',NULL,5,NULL),(1314,1315,846,'2022-05-23','Delivered',NULL,5,NULL),(1315,1316,856,'2023-11-24','Delivered',NULL,2,NULL),(1316,1317,856,'2023-11-24','Delivered',NULL,2,NULL),(1317,1318,858,'2021-06-15','Delivered',NULL,3,NULL),(1318,1319,858,'2021-06-15','Delivered',NULL,3,NULL),(1319,1320,862,'2022-10-29','Delivered',NULL,2,NULL),(1320,1321,864,'2023-01-20','New',NULL,3,NULL),(1321,1322,864,'2023-01-20','New',NULL,3,NULL),(1322,1323,872,'2023-07-29','Delivered',NULL,4,NULL),(1323,1324,874,'2022-11-06','Delivered',NULL,4,NULL),(1324,1325,874,'2022-11-06','Delivered',NULL,4,NULL),(1325,1326,874,'2022-11-06','Delivered',NULL,4,NULL),(1326,1327,879,'2023-04-13','Delivered',NULL,3,NULL),(1327,1328,879,'2023-04-13','Delivered',NULL,3,NULL),(1328,1329,881,'2022-04-20','Delivered',NULL,4,NULL),(1329,1330,885,'2021-04-26','Delivered',NULL,2,NULL),(1330,1331,888,'2023-01-17','Shipped',NULL,4,NULL),(1331,1332,890,'2022-03-26','Delivered',NULL,5,NULL),(1332,1333,890,'2022-03-26','Delivered',NULL,5,NULL),(1333,1334,890,'2022-03-26','Delivered',NULL,5,NULL),(1334,1335,895,'2022-05-20','Delivered',NULL,4,NULL),(1335,1336,895,'2022-05-20','Delivered',NULL,4,NULL),(1336,1337,895,'2022-05-20','Delivered',NULL,4,NULL),(1337,1338,897,'2022-05-05','New',NULL,3,NULL),(1338,1339,897,'2022-05-05','New',NULL,3,NULL),(1339,1340,897,'2022-05-05','New',NULL,3,NULL),(1340,1341,897,'2022-05-05','New',NULL,3,NULL),(1341,1342,901,'2023-09-15','New',NULL,3,NULL),(1342,1343,901,'2023-09-15','New',NULL,3,NULL),(1343,1344,905,'2022-06-07','Delivered',NULL,2,NULL),(1344,1345,905,'2022-06-07','Delivered',NULL,2,NULL),(1345,1346,907,'2020-10-04','Delivered',NULL,5,NULL),(1346,1347,909,'2023-11-23','Shipped',NULL,4,NULL),(1347,1348,909,'2023-11-23','Shipped',NULL,4,NULL),(1348,1349,911,'2021-07-04','Delivered',NULL,5,NULL),(1349,1350,913,'2022-07-30','Delivered',NULL,3,NULL),(1350,1351,915,'2021-08-27','Delivered',NULL,4,NULL),(1351,1352,915,'2021-08-27','Delivered',NULL,4,NULL),(1352,1353,915,'2021-08-27','Delivered',NULL,4,NULL),(1353,1354,918,'2021-05-11','Delivered',NULL,3,NULL),(1354,1355,918,'2021-05-11','Delivered',NULL,3,NULL),(1355,1356,920,'2022-12-12','Delivered',NULL,3,NULL),(1356,1357,927,'2023-01-07','New',NULL,5,NULL),(1357,1358,929,'2021-07-10','Shipped',NULL,4,NULL),(1358,1359,929,'2021-07-10','Shipped',NULL,4,NULL),(1359,1360,937,'2023-05-17','Shipped',NULL,3,NULL),(1360,1361,939,'2023-07-23','Delivered',NULL,4,NULL),(1361,1362,939,'2023-07-23','Delivered',NULL,4,NULL),(1362,1363,943,'2023-10-18','Delivered',NULL,2,NULL),(1363,1364,943,'2023-10-18','Delivered',NULL,2,NULL),(1364,1365,945,'2020-10-17','New',NULL,2,NULL),(1365,1366,945,'2020-10-17','New',NULL,2,NULL),(1366,1367,948,'2020-10-24','Shipped',NULL,2,NULL),(1367,1368,951,'2022-04-29','Delivered',NULL,5,NULL),(1368,1369,955,'2021-02-13','Delivered',NULL,3,NULL),(1369,1370,957,'2021-04-30','Delivered',NULL,3,NULL),(1370,1371,966,'2020-10-14','Delivered',NULL,5,NULL),(1371,1372,975,'2020-12-12','Shipped',NULL,4,NULL),(1372,1373,975,'2020-12-12','Shipped',NULL,4,NULL),(1373,1374,975,'2020-12-12','Shipped',NULL,4,NULL),(1374,1375,977,'2022-04-10','New',NULL,2,NULL),(1375,1376,979,'2022-02-03','Shipped',NULL,3,NULL),(1376,1377,979,'2022-02-03','Shipped',NULL,3,NULL),(1377,1378,981,'2023-08-19','New',NULL,2,NULL),(1378,1379,981,'2023-08-19','New',NULL,2,NULL),(1379,1380,981,'2023-08-19','New',NULL,2,NULL),(1380,1381,985,'2023-03-14','Shipped',NULL,5,NULL),(1381,1382,985,'2023-03-14','Shipped',NULL,5,NULL),(1382,1383,989,'2020-11-20','New',NULL,3,NULL),(1383,1384,989,'2020-11-20','New',NULL,3,NULL),(1384,1385,992,'2023-03-25','Delivered',NULL,4,NULL),(1385,1386,18,'2020-12-30','Shipped',NULL,4,NULL),(1386,1387,25,'2021-06-28','Shipped',NULL,2,NULL),(1387,1388,25,'2021-06-28','Shipped',NULL,2,NULL),(1388,1389,30,'2021-10-06','New',NULL,2,NULL),(1389,1390,30,'2021-10-06','New',NULL,2,NULL),(1390,1391,41,'2021-01-28','Delivered',NULL,4,NULL),(1391,1392,41,'2021-01-28','Delivered',NULL,4,NULL),(1392,1393,41,'2021-01-28','Delivered',NULL,4,NULL),(1393,1394,47,'2022-03-14','Shipped',NULL,4,NULL),(1394,1395,53,'2023-06-01','New',NULL,3,NULL),(1395,1396,53,'2023-06-01','New',NULL,3,NULL),(1396,1397,74,'2023-06-06','Delivered',NULL,3,NULL),(1397,1398,74,'2023-06-06','Delivered',NULL,3,NULL),(1398,1399,74,'2023-06-06','Delivered',NULL,3,NULL),(1399,1400,77,'2021-03-25','Delivered',NULL,4,NULL),(1400,1401,85,'2021-10-09','Delivered',NULL,2,NULL),(1401,1402,85,'2021-10-09','Delivered',NULL,2,NULL),(1402,1403,89,'2020-09-03','New',NULL,3,NULL),(1403,1404,89,'2020-09-03','New',NULL,3,NULL),(1404,1405,97,'2022-05-29','Delivered',NULL,5,NULL),(1405,1406,102,'2023-06-23','Delivered',NULL,2,NULL),(1406,1407,102,'2023-06-23','Delivered',NULL,2,NULL),(1407,1408,106,'2021-02-27','New',NULL,5,NULL),(1408,1409,106,'2021-02-27','New',NULL,5,NULL),(1409,1410,131,'2020-12-14','Delivered',NULL,4,NULL),(1410,1411,136,'2022-06-12','Delivered',NULL,5,NULL),(1411,1412,147,'2023-07-15','Delivered',NULL,5,NULL),(1412,1413,147,'2023-07-15','Delivered',NULL,5,NULL),(1413,1414,153,'2020-11-01','Delivered',NULL,3,NULL),(1414,1415,153,'2020-11-01','Delivered',NULL,3,NULL),(1415,1416,160,'2020-10-18','New',NULL,3,NULL),(1416,1417,182,'2021-10-09','Delivered',NULL,3,NULL),(1417,1418,182,'2021-10-09','Delivered',NULL,3,NULL),(1418,1419,185,'2021-02-09','Shipped',NULL,3,NULL),(1419,1420,202,'2022-04-08','Delivered',NULL,5,NULL),(1420,1421,208,'2021-09-12','Delivered',NULL,4,NULL),(1421,1422,222,'2022-07-31','Delivered',NULL,2,NULL),(1422,1423,249,'2023-01-03','Shipped',NULL,2,NULL),(1423,1424,275,'2021-12-09','Delivered',NULL,3,NULL),(1424,1425,275,'2021-12-09','Delivered',NULL,3,NULL),(1425,1426,282,'2022-11-30','Delivered',NULL,3,NULL),(1426,1427,285,'2023-12-04','New',NULL,2,NULL),(1427,1428,288,'2022-06-13','Shipped',NULL,3,NULL),(1428,1429,291,'2022-06-07','Delivered',NULL,3,NULL),(1429,1430,330,'2020-11-11','Delivered',NULL,3,NULL),(1430,1431,330,'2020-11-11','Delivered',NULL,3,NULL),(1431,1432,330,'2020-11-11','Delivered',NULL,3,NULL),(1432,1433,333,'2020-10-22','Delivered',NULL,5,NULL),(1433,1434,358,'2020-12-18','Delivered',NULL,5,NULL),(1434,1435,358,'2020-12-18','Delivered',NULL,5,NULL),(1435,1436,368,'2021-12-02','Delivered',NULL,3,NULL),(1436,1437,368,'2021-12-02','Delivered',NULL,3,NULL),(1437,1438,376,'2023-11-23','Shipped',NULL,4,NULL),(1438,1439,389,'2023-07-05','Shipped',NULL,3,NULL),(1439,1440,389,'2023-07-05','Shipped',NULL,3,NULL),(1440,1441,394,'2022-12-10','New',NULL,4,NULL),(1441,1442,394,'2022-12-10','New',NULL,4,NULL),(1442,1443,405,'2023-01-11','Delivered',NULL,3,NULL),(1443,1444,405,'2023-01-11','Delivered',NULL,3,NULL),(1444,1445,405,'2023-01-11','Delivered',NULL,3,NULL),(1445,1446,417,'2022-07-31','Delivered',NULL,5,NULL),(1446,1447,417,'2022-07-31','Delivered',NULL,5,NULL),(1447,1448,417,'2022-07-31','Delivered',NULL,5,NULL),(1448,1449,430,'2022-06-24','Delivered',NULL,2,NULL),(1449,1450,447,'2023-05-22','Delivered',NULL,4,NULL),(1450,1451,452,'2022-05-20','Shipped',NULL,3,NULL),(1451,1452,457,'2023-07-27','Delivered',NULL,4,NULL),(1452,1453,487,'2021-11-15','Delivered',NULL,2,NULL),(1453,1454,487,'2021-11-15','Delivered',NULL,2,NULL),(1454,1455,500,'2022-12-25','Delivered',NULL,3,NULL),(1455,1456,500,'2022-12-25','Delivered',NULL,3,NULL),(1456,1457,515,'2022-04-01','New',NULL,5,NULL),(1457,1458,538,'2022-09-13','Shipped',NULL,3,NULL),(1458,1459,550,'2023-04-09','New',NULL,4,NULL),(1459,1460,557,'2020-10-30','Delivered',NULL,5,NULL),(1460,1461,557,'2020-10-30','Delivered',NULL,5,NULL),(1461,1462,561,'2023-11-01','Delivered',NULL,4,NULL),(1462,1463,565,'2022-11-21','Delivered',NULL,2,NULL),(1463,1464,568,'2022-10-11','New',NULL,2,NULL),(1464,1465,603,'2021-03-02','New',NULL,2,NULL),(1465,1466,617,'2022-11-15','Delivered',NULL,3,NULL),(1466,1467,617,'2022-11-15','Delivered',NULL,3,NULL),(1467,1468,620,'2022-03-06','Shipped',NULL,4,NULL),(1468,1469,620,'2022-03-06','Shipped',NULL,4,NULL),(1469,1470,658,'2022-05-14','Shipped',NULL,3,NULL),(1470,1471,667,'2023-08-16','Delivered',NULL,5,NULL),(1471,1472,667,'2023-08-16','Delivered',NULL,5,NULL),(1472,1473,670,'2021-09-24','Shipped',NULL,3,NULL),(1473,1474,674,'2021-09-28','Shipped',NULL,4,NULL),(1474,1475,686,'2021-07-25','Delivered',NULL,5,NULL),(1475,1476,686,'2021-07-25','Delivered',NULL,5,NULL),(1476,1477,693,'2021-04-26','Delivered',NULL,2,NULL),(1477,1478,698,'2021-12-24','Shipped',NULL,4,NULL),(1478,1479,707,'2020-09-18','New',NULL,2,NULL),(1479,1480,719,'2021-09-28','Shipped',NULL,4,NULL),(1480,1481,724,'2022-06-26','Delivered',NULL,4,NULL),(1481,1482,763,'2023-04-05','Shipped',NULL,4,NULL),(1482,1483,767,'2022-05-19','Delivered',NULL,2,NULL),(1483,1484,771,'2021-02-17','Delivered',NULL,4,NULL),(1484,1485,787,'2021-09-27','Delivered',NULL,4,NULL),(1485,1486,787,'2021-09-27','Delivered',NULL,4,NULL),(1486,1487,787,'2021-09-27','Delivered',NULL,4,NULL),(1487,1488,822,'2021-02-05','Delivered',NULL,4,NULL),(1488,1489,822,'2021-02-05','Delivered',NULL,4,NULL),(1489,1490,822,'2021-02-05','Delivered',NULL,4,NULL),(1490,1491,822,'2021-02-05','Delivered',NULL,4,NULL),(1491,1492,822,'2021-02-05','Delivered',NULL,4,NULL),(1492,1493,826,'2022-09-16','Shipped',NULL,2,NULL),(1493,1494,826,'2022-09-16','Shipped',NULL,2,NULL),(1494,1495,826,'2022-09-16','Shipped',NULL,2,NULL),(1495,1496,826,'2022-09-16','Shipped',NULL,2,NULL),(1496,1497,836,'2021-08-17','Delivered',NULL,2,NULL),(1497,1498,875,'2023-01-24','Delivered',NULL,2,NULL),(1498,1499,875,'2023-01-24','Delivered',NULL,2,NULL),(1499,1500,875,'2023-01-24','Delivered',NULL,2,NULL),(1500,1501,882,'2020-11-26','Shipped',NULL,3,NULL),(1501,1502,891,'2022-12-09','New',NULL,3,NULL),(1502,1503,891,'2022-12-09','New',NULL,3,NULL),(1503,1504,891,'2022-12-09','New',NULL,3,NULL),(1504,1505,902,'2021-05-28','New',NULL,4,NULL),(1505,1506,902,'2021-05-28','New',NULL,4,NULL),(1506,1507,940,'2022-10-24','New',NULL,4,NULL),(1507,1508,940,'2022-10-24','New',NULL,4,NULL),(1508,1509,949,'2021-08-16','Delivered',NULL,3,NULL),(1509,1510,958,'2020-10-28','Delivered',NULL,2,NULL),(1510,1511,967,'2021-12-17','Delivered',NULL,5,NULL),(1511,1512,42,'2021-06-03','Shipped',NULL,2,NULL),(1512,1513,42,'2021-06-03','Shipped',NULL,2,NULL),(1513,1514,42,'2021-06-03','Shipped',NULL,2,NULL),(1514,1515,48,'2021-09-23','Delivered',NULL,5,NULL),(1515,1516,78,'2022-12-10','Delivered',NULL,4,NULL),(1516,1517,107,'2022-05-22','Delivered',NULL,4,NULL),(1517,1518,107,'2022-05-22','Delivered',NULL,4,NULL),(1518,1519,132,'2023-10-20','Delivered',NULL,5,NULL),(1519,1520,186,'2023-06-11','Shipped',NULL,3,NULL),(1520,1521,223,'2021-05-26','Shipped',NULL,4,NULL),(1521,1522,406,'2022-12-19','Shipped',NULL,4,NULL),(1522,1523,406,'2022-12-19','Shipped',NULL,4,NULL),(1523,1524,406,'2022-12-19','Shipped',NULL,4,NULL),(1524,1525,418,'2021-08-21','New',NULL,4,NULL),(1525,1526,418,'2021-08-21','New',NULL,4,NULL),(1526,1527,418,'2021-08-21','New',NULL,4,NULL),(1527,1528,448,'2020-09-09','New',NULL,2,NULL),(1528,1529,458,'2020-12-10','New',NULL,2,NULL),(1529,1530,539,'2023-01-24','New',NULL,2,NULL),(1530,1531,558,'2022-07-05','New',NULL,4,NULL),(1531,1532,558,'2022-07-05','New',NULL,4,NULL),(1532,1533,569,'2023-08-24','Delivered',NULL,2,NULL),(1533,1534,699,'2022-08-27','Delivered',NULL,2,NULL),(1534,1535,708,'2021-01-30','New',NULL,2,NULL),(1535,1536,725,'2023-06-04','New',NULL,2,NULL),(1536,1537,764,'2021-02-19','Delivered',NULL,5,NULL),(1537,1538,768,'2021-03-29','Shipped',NULL,4,NULL),(1538,1539,788,'2022-10-29','Delivered',NULL,5,NULL),(1539,1540,788,'2022-10-29','Delivered',NULL,5,NULL),(1540,1541,788,'2022-10-29','Delivered',NULL,5,NULL),(1541,1542,883,'2023-04-23','Delivered',NULL,2,NULL),(1542,1543,903,'2023-02-09','Delivered',NULL,3,NULL),(1543,1544,903,'2023-02-09','Delivered',NULL,3,NULL),(1544,1545,941,'2022-05-29','Delivered',NULL,4,NULL),(1545,1546,941,'2022-05-29','Delivered',NULL,4,NULL),(1546,1547,959,'2021-07-22','Shipped',NULL,4,NULL),(1547,1548,43,'2021-04-19','Delivered',NULL,2,NULL),(1548,1549,43,'2021-04-19','Delivered',NULL,2,NULL),(1549,1550,43,'2021-04-19','Delivered',NULL,2,NULL),(1550,1551,49,'2020-12-18','New',NULL,5,NULL),(1551,1552,108,'2022-02-24','Shipped',NULL,4,NULL),(1552,1553,108,'2022-02-24','Shipped',NULL,4,NULL),(1553,1554,419,'2020-10-07','Delivered',NULL,3,NULL),(1554,1555,419,'2020-10-07','Delivered',NULL,3,NULL),(1555,1556,419,'2020-10-07','Delivered',NULL,3,NULL),(1556,1557,709,'2023-05-02','Delivered',NULL,4,NULL),(1557,1558,789,'2023-07-26','Delivered',NULL,5,NULL),(1558,1559,789,'2023-07-26','Delivered',NULL,5,NULL),(1559,1560,789,'2023-07-26','Delivered',NULL,5,NULL),(1560,1561,960,'2022-12-17','Delivered',NULL,3,NULL),(1561,1562,109,'2021-09-30','Delivered',NULL,2,NULL),(1562,1563,109,'2021-09-30','Delivered',NULL,2,NULL),(1563,1564,710,'2023-10-06','Shipped',NULL,5,NULL),(1564,1565,790,'2023-06-08','Shipped',NULL,4,NULL),(1565,1566,790,'2023-06-08','Shipped',NULL,4,NULL),(1566,1567,790,'2023-06-08','Shipped',NULL,4,NULL),(1567,1568,961,'2020-11-24','Shipped',NULL,3,NULL),(1568,1569,110,'2022-07-11','Delivered',NULL,2,NULL),(1569,1570,110,'2022-07-11','Delivered',NULL,2,NULL),(1570,1571,111,'2020-09-08','Delivered',NULL,3,NULL),(1571,1572,111,'2020-09-08','Delivered',NULL,3,NULL),(1572,1573,112,'2022-05-08','Shipped',NULL,2,NULL),(1573,1574,112,'2022-05-08','Shipped',NULL,2,NULL),(1574,1575,4,'2020-10-25','Shipped',NULL,3,NULL),(1575,1576,1002,'2023-12-01','New','Product Quality Issues',1,'Closed'),(1576,1577,1002,'2023-12-01','New','Product Quality Issues',1,'Closed'),(1577,1578,1002,'2023-12-01','New','Product Quality Issues',1,'Closed'),(1578,1579,1002,'2023-12-01','New','Product Quality Issues',1,'Closed'),(1579,1580,1003,'2023-12-01','New','Customer Service Problems',NULL,'Open'),(1580,1581,1003,'2023-12-01','New','Customer Service Problems',NULL,'Open'),(1581,1582,1003,'2023-12-01','New','Customer Service Problems',NULL,'Open'),(1582,1583,1003,'2023-12-01','New','Customer Service Problems',NULL,'Open');
/*!40000 ALTER TABLE `Order_Details` ENABLE KEYS */;
UNLOCK TABLES;

--
-- Table structure for table `Performance`
--

DROP TABLE IF EXISTS `Performance`;
/*!40101 SET @saved_cs_client     = @@character_set_client */;
/*!50503 SET character_set_client = utf8mb4 */;
CREATE TABLE `Performance` (
  `Calendar_Key` int NOT NULL,
  `Employee_Key` int NOT NULL,
  `Region_Key` int NOT NULL,
  `Order_Detail_Key` int NOT NULL,
  `employee_ratings` int DEFAULT NULL,
  KEY `Calendar_Key` (`Calendar_Key`),
  KEY `Employee_Key` (`Employee_Key`),
  KEY `Region_Key` (`Region_Key`),
  KEY `Order_Detail_Key` (`Order_Detail_Key`),
  CONSTRAINT `performance_ibfk_1` FOREIGN KEY (`Calendar_Key`) REFERENCES `Calendar` (`Calendar_Key`),
  CONSTRAINT `performance_ibfk_2` FOREIGN KEY (`Employee_Key`) REFERENCES `Employee` (`Employee_Key`),
  CONSTRAINT `performance_ibfk_3` FOREIGN KEY (`Region_Key`) REFERENCES `Region` (`Region_Key`),
  CONSTRAINT `performance_ibfk_4` FOREIGN KEY (`Order_Detail_Key`) REFERENCES `Order_Details` (`Order_Detail_Key`)
) ENGINE=InnoDB DEFAULT CHARSET=utf8mb4 COLLATE=utf8mb4_0900_ai_ci;
/*!40101 SET character_set_client = @saved_cs_client */;

--
-- Dumping data for table `Performance`
--

LOCK TABLES `Performance` WRITE;
/*!40000 ALTER TABLE `Performance` DISABLE KEYS */;
INSERT INTO `Performance` VALUES (52,15,41,3,5),(11,28,44,4,3),(26,25,44,18,4),(59,14,36,28,1),(91,19,44,42,1),(36,9,26,48,5),(8,7,19,50,1),(43,8,9,57,4),(64,12,48,61,1),(48,14,36,63,1),(53,15,41,69,5),(90,26,22,83,3),(24,8,9,85,4),(3,36,41,88,3),(34,7,19,96,1),(33,19,44,102,1),(59,18,32,107,5),(36,9,26,118,5),(52,29,18,122,1),(83,5,5,131,4),(32,15,41,135,5),(62,7,19,151,1),(8,7,19,153,1),(1,34,32,155,3),(38,15,41,158,5),(11,12,48,169,1),(18,7,19,171,1),(54,6,37,173,4),(81,17,11,176,5),(51,7,19,179,1),(66,15,41,183,5),(35,9,26,200,5),(17,25,44,216,4),(6,29,18,217,1),(67,5,5,225,4),(19,34,32,235,3),(45,14,36,263,1),(19,25,44,271,4),(46,12,48,277,1),(1,34,32,290,3),(31,12,48,305,1),(47,8,9,310,4),(43,8,9,311,4),(59,18,32,324,5),(69,28,44,334,3),(34,7,19,340,1),(66,34,32,348,3),(87,12,48,351,1),(92,14,36,360,1),(21,22,47,362,2),(31,28,44,377,3),(30,15,41,385,5),(50,12,48,414,1),(31,28,44,418,3),(13,18,32,425,5),(77,29,18,426,1),(59,8,9,431,4),(59,8,9,436,4),(17,25,44,445,4),(69,18,32,446,5),(33,8,9,448,4),(56,15,41,462,5),(30,12,48,476,1),(84,8,9,484,4),(80,28,44,498,3),(66,15,41,501,5),(67,5,5,502,4),(30,7,19,505,1),(66,34,32,507,3),(59,8,9,519,4),(30,7,19,523,1),(87,12,48,535,1),(31,12,48,548,1),(92,14,36,554,1),(59,18,32,560,5),(4,33,10,565,5),(37,25,44,568,4),(34,7,19,571,1),(6,29,18,575,1),(91,19,44,581,1),(84,5,5,588,4),(40,19,44,594,1),(1,8,9,606,4),(43,31,44,618,4),(26,25,44,619,4),(29,3,5,626,4),(10,26,22,630,3),(47,8,9,637,4),(78,7,19,641,1),(26,15,41,644,5),(77,29,18,645,1),(75,18,32,656,5),(43,31,44,661,4),(64,12,48,662,1),(36,9,26,667,5),(53,15,41,683,5),(41,7,19,687,1),(87,12,48,688,1),(10,26,22,690,3),(22,6,37,692,4),(6,7,19,697,1),(13,18,32,702,5),(37,25,44,708,4),(40,19,44,710,1),(9,7,19,711,1),(13,18,32,716,5),(41,33,10,721,5),(30,7,19,724,1),(13,18,32,746,5),(85,29,18,748,1),(90,26,22,750,3),(60,29,18,757,1),(43,31,44,769,4),(3,8,9,772,4),(66,12,48,780,1),(82,14,36,783,1),(46,12,48,786,1),(18,18,32,796,5),(6,7,19,797,1),(73,12,48,800,1),(11,19,44,810,1),(30,15,41,813,5),(54,11,44,814,3),(78,7,19,820,1),(58,14,36,836,1),(85,29,18,847,1),(20,29,18,856,1),(74,19,44,860,1),(35,9,26,875,5),(66,15,41,886,5),(26,19,44,887,1),(5,26,22,888,3),(53,15,41,890,5),(6,7,19,899,1),(74,28,44,914,3),(81,17,11,918,5),(51,7,19,920,1),(9,28,44,924,3),(62,7,19,932,1),(67,5,5,941,4),(21,22,47,952,2),(75,18,32,953,5),(37,25,44,955,4),(80,28,44,962,3),(14,19,44,963,1),(1,34,32,968,3),(43,25,44,973,4),(7,31,44,1002,4),(7,31,44,1003,4),(7,31,44,1004,4),(10,26,22,1005,3),(12,5,5,1006,4),(15,29,18,1007,1),(19,8,9,1008,4),(22,8,9,1009,4),(22,8,9,1010,4),(25,29,18,1011,1),(27,12,48,1012,1),(27,12,48,1013,1),(38,28,44,1014,3),(38,28,44,1015,3),(38,28,44,1016,3),(42,18,32,1017,5),(48,33,10,1018,5),(48,33,10,1019,5),(55,6,37,1020,4),(57,9,26,1021,5),(61,7,19,1022,1),(63,16,25,1023,4),(65,33,10,1024,5),(65,33,10,1025,5),(67,22,47,1026,2),(67,22,47,1027,2),(67,22,47,1028,2),(70,4,26,1029,5),(76,9,26,1030,5),(76,9,26,1031,5),(78,8,9,1032,4),(78,8,9,1033,4),(82,29,18,1034,1),(82,29,18,1035,1),(86,22,47,1036,2),(88,5,5,1037,4),(50,18,32,1067,5),(17,14,36,1068,1),(83,5,5,1075,4),(45,19,44,1093,1),(14,33,10,1107,5),(26,34,32,1117,3),(21,26,22,1135,3),(11,19,44,1215,1),(80,26,22,1222,3),(84,12,48,1224,1),(33,19,44,1270,1),(82,14,36,1288,1),(10,19,44,1329,1),(59,31,44,1364,4),(59,31,44,1365,4),(65,4,26,1367,5),(16,26,22,1385,3),(23,2,44,1386,3),(23,2,44,1387,3),(28,15,41,1388,5),(28,15,41,1389,5),(39,22,47,1390,2),(39,22,47,1391,2),(39,22,47,1392,2),(43,10,11,1393,5),(49,33,10,1394,5),(49,33,10,1395,5),(68,4,26,1396,5),(68,4,26,1397,5),(68,4,26,1398,5),(71,29,18,1399,1),(79,14,36,1400,1),(79,14,36,1401,1),(83,14,36,1402,1),(83,14,36,1403,1),(89,14,36,1404,1),(26,22,47,1407,2),(26,22,47,1408,2),(79,33,10,1416,5),(79,33,10,1417,5),(11,15,41,1419,5),(45,28,44,1433,3),(45,28,44,1434,3),(72,7,19,1440,1),(72,7,19,1441,1),(88,9,26,1459,5),(88,9,26,1460,5),(91,31,44,1473,4),(10,5,5,1476,4),(86,34,32,1477,3),(91,18,32,1479,5),(3,22,47,1511,2),(3,22,47,1512,2),(3,22,47,1513,2),(44,6,37,1514,4),(72,4,26,1515,5),(5,8,9,1536,4),(89,5,5,1544,4),(89,5,5,1545,4),(40,14,36,1547,1),(40,14,36,1548,1),(40,14,36,1549,1),(45,5,5,1550,4),(2,7,19,1574,1),(177,18,32,11,5),(114,15,41,12,5),(140,15,41,13,5),(157,28,44,17,3),(112,28,44,24,3),(158,18,32,27,5),(95,22,47,30,2),(104,28,44,31,3),(158,25,44,36,4),(110,28,44,40,3),(130,19,44,52,1),(135,7,19,55,1),(159,33,10,66,5),(147,5,5,82,4),(104,28,44,90,3),(159,33,10,93,5),(99,9,26,94,5),(132,34,32,98,3),(158,27,34,99,3),(164,19,44,100,1),(174,15,41,104,5),(96,22,47,110,2),(96,9,26,114,5),(141,26,22,120,3),(162,26,22,124,3),(111,7,19,134,1),(124,19,44,137,1),(116,25,44,138,4),(128,28,44,144,3),(124,19,44,149,1),(130,19,44,164,1),(158,18,32,189,5),(97,25,44,194,4),(165,8,9,201,4),(99,8,9,228,4),(176,6,37,229,4),(136,14,36,241,1),(165,7,19,259,1),(165,7,19,270,1),(146,12,48,276,1),(129,28,44,282,3),(159,33,10,285,5),(164,6,37,287,4),(172,26,22,301,3),(169,4,26,313,5),(172,5,5,315,4),(146,12,48,316,1),(156,22,47,320,2),(151,31,44,331,4),(124,14,36,343,1),(107,8,9,344,4),(112,28,44,357,3),(155,15,41,359,5),(119,34,32,368,3),(154,31,44,370,4),(180,12,48,376,1),(105,23,1,378,4),(112,28,44,397,3),(127,12,48,398,1),(96,22,47,399,2),(138,15,41,409,5),(181,19,44,410,1),(162,26,22,434,3),(127,12,48,435,1),(148,7,19,437,1),(120,31,44,441,4),(106,15,41,444,5),(181,19,44,449,1),(184,19,44,451,1),(131,19,44,453,1),(164,19,44,458,1),(174,33,10,460,5),(107,33,10,470,5),(139,6,37,478,4),(166,19,44,482,1),(145,5,5,489,4),(160,18,32,508,5),(107,33,10,515,5),(129,22,47,517,2),(155,4,26,520,5),(173,5,5,534,4),(159,33,10,537,5),(165,7,19,556,1),(138,8,9,557,4),(174,15,41,559,5),(107,33,10,570,5),(157,28,44,573,3),(167,14,36,577,1),(133,24,6,579,3),(142,31,44,580,4),(116,25,44,584,4),(162,26,22,585,3),(140,15,41,599,5),(176,6,37,611,4),(107,8,9,628,4),(125,15,41,629,5),(140,37,5,647,4),(168,33,10,649,5),(161,28,44,666,3),(132,34,32,681,3),(136,14,36,682,1),(135,18,32,700,5),(121,18,32,704,5),(164,19,44,706,1),(142,31,44,709,4),(118,22,47,717,2),(141,26,22,720,3),(109,29,18,727,1),(132,34,32,731,3),(161,8,9,733,4),(135,18,32,734,5),(165,33,10,737,5),(139,7,19,742,1),(182,30,38,744,5),(153,12,48,747,1),(182,30,38,755,5),(172,26,22,791,3),(125,33,10,795,5),(174,15,41,801,5),(182,30,38,802,5),(157,12,48,803,1),(163,4,26,805,5),(134,28,44,807,3),(121,25,44,808,4),(158,25,44,809,4),(178,4,26,811,5),(158,18,32,815,5),(114,15,41,816,5),(174,33,10,831,5),(143,28,44,845,3),(104,33,10,850,5),(134,15,41,857,5),(104,6,37,859,4),(111,7,19,870,1),(127,12,48,873,1),(129,28,44,877,3),(174,33,10,881,5),(131,19,44,894,1),(182,30,38,903,5),(151,31,44,909,4),(119,34,32,912,3),(139,7,19,915,1),(162,34,32,916,3),(160,31,44,926,4),(159,33,10,936,5),(134,28,44,942,3),(138,8,9,945,4),(96,9,26,946,5),(133,14,36,956,1),(107,8,9,957,4),(128,28,44,959,3),(165,7,19,961,1),(166,19,44,975,1),(145,5,5,985,4),(176,18,32,992,5),(93,26,22,1038,3),(93,26,22,1039,3),(97,18,32,1040,5),(97,18,32,1041,5),(106,21,25,1042,4),(108,7,19,1043,1),(108,7,19,1044,1),(108,7,19,1045,1),(113,5,5,1046,4),(113,5,5,1047,4),(113,5,5,1048,4),(115,34,32,1049,3),(115,34,32,1050,3),(117,28,44,1051,3),(117,28,44,1052,3),(121,9,26,1053,5),(126,31,44,1054,4),(130,29,18,1055,1),(137,33,10,1056,5),(137,33,10,1057,5),(140,9,26,1058,5),(143,20,6,1059,3),(143,20,6,1060,3),(146,12,48,1061,1),(146,12,48,1062,1),(118,31,44,1063,4),(149,4,26,1064,5),(152,7,19,1065,1),(152,7,19,1066,1),(167,31,44,1069,4),(167,31,44,1070,4),(169,18,32,1071,5),(175,7,19,1072,1),(175,7,19,1073,1),(175,7,19,1074,1),(179,31,44,1076,4),(181,26,22,1077,3),(183,32,5,1078,5),(183,32,5,1079,5),(183,32,5,1080,5),(183,32,5,1081,5),(101,25,44,1095,4),(128,15,41,1104,5),(111,15,41,1174,5),(138,14,36,1181,1),(155,18,32,1188,5),(158,33,10,1216,5),(158,33,10,1217,5),(158,33,10,1218,5),(125,4,26,1262,5),(125,4,26,1263,5),(125,4,26,1264,5),(125,4,26,1265,5),(125,4,26,1266,5),(148,22,47,1279,2),(177,8,9,1299,4),(128,34,32,1305,3),(128,34,32,1306,3),(128,34,32,1307,3),(128,34,32,1308,3),(182,14,36,1326,1),(182,14,36,1327,1),(94,8,9,1405,4),(94,8,9,1406,4),(122,12,48,1409,1),(127,9,26,1410,5),(138,22,47,1411,2),(138,22,47,1412,2),(144,5,5,1413,4),(144,5,5,1414,4),(150,25,44,1415,4),(170,12,48,1418,1),(130,31,44,1423,4),(130,31,44,1424,4),(160,18,32,1456,5),(181,5,5,1465,4),(181,5,5,1466,4),(98,9,26,1516,5),(98,9,26,1517,5),(123,22,47,1518,2),(171,7,19,1519,1),(176,26,22,1530,3),(176,26,22,1531,3),(99,25,44,1551,4),(99,25,44,1552,4),(100,12,48,1561,1),(100,12,48,1562,1),(101,4,26,1568,5),(101,4,26,1569,5),(102,14,36,1570,1),(102,14,36,1571,1),(103,26,22,1572,3),(103,26,22,1573,3),(266,9,26,2,5),(211,5,5,5,4),(261,28,44,8,3),(256,5,5,9,4),(239,12,48,14,1),(214,19,44,20,1),(193,8,9,23,4),(259,29,18,33,1),(268,15,41,35,5),(190,12,48,43,1),(219,25,44,44,4),(244,15,41,56,5),(207,4,26,59,5),(216,7,19,60,1),(208,7,19,75,1),(191,25,44,76,4),(246,26,22,80,3),(227,22,47,81,2),(265,28,44,86,3),(187,33,10,97,5),(194,18,32,108,5),(193,8,9,109,4),(228,14,36,123,1),(257,8,9,125,4),(219,25,44,127,4),(197,31,44,132,4),(270,25,44,152,4),(241,28,44,154,3),(221,25,44,168,4),(234,26,22,178,3),(275,4,26,198,5),(220,31,44,213,4),(235,22,47,218,2),(197,31,44,221,4),(275,4,26,222,5),(200,33,10,226,5),(203,8,9,230,4),(247,31,44,237,4),(247,31,44,247,4),(219,25,44,248,4),(264,26,22,255,3),(217,26,22,256,3),(275,4,26,262,5),(226,25,44,268,4),(223,12,48,293,1),(246,12,48,295,1),(231,25,44,296,4),(257,8,9,297,4),(187,4,26,299,5),(227,22,47,302,2),(194,31,44,318,4),(276,25,44,325,4),(214,28,44,328,3),(266,9,26,333,5),(223,12,48,335,1),(214,28,44,341,3),(186,29,18,347,1),(221,25,44,353,4),(188,12,48,354,1),(207,28,44,355,3),(223,12,48,356,1),(228,26,22,358,3),(186,29,18,363,1),(261,28,44,364,3),(238,15,41,374,5),(264,26,22,382,3),(253,4,26,393,5),(274,14,36,396,1),(258,25,44,408,4),(229,8,9,416,4),(207,28,44,417,3),(237,9,26,419,5),(270,25,44,420,4),(239,12,48,438,1),(232,19,44,439,1),(187,4,26,442,5),(227,5,5,443,4),(220,31,44,447,4),(220,33,10,461,5),(273,7,19,465,1),(220,33,10,472,5),(276,31,44,477,4),(200,33,10,481,5),(276,31,44,483,4),(257,8,9,506,4),(259,29,18,512,1),(259,29,18,514,1),(210,6,37,516,4),(268,18,32,518,5),(194,18,32,527,5),(192,9,26,529,5),(266,4,26,530,5),(208,7,19,547,1),(241,28,44,561,3),(244,15,41,566,5),(238,19,44,567,1),(243,25,44,587,4),(193,29,18,595,1),(274,14,36,597,1),(274,14,36,610,1),(240,14,36,620,1),(263,7,19,622,1),(196,4,26,636,5),(262,25,44,652,4),(229,8,9,671,4),(197,31,44,672,4),(229,8,9,673,4),(267,18,32,679,5),(255,33,10,694,5),(213,14,36,703,1),(258,25,44,712,4),(212,9,26,715,5),(222,4,26,730,5),(219,25,44,732,4),(232,19,44,736,1),(263,7,19,756,1),(274,14,36,762,1),(270,25,44,768,4),(237,12,48,770,1),(250,9,26,773,5),(228,34,32,777,3),(274,14,36,784,1),(238,19,44,787,1),(215,8,9,790,4),(231,25,44,806,4),(267,19,44,823,1),(198,26,22,830,3),(212,9,26,835,5),(197,31,44,837,4),(213,26,22,841,3),(226,25,44,842,4),(270,25,44,858,4),(228,34,32,871,3),(258,25,44,876,4),(228,34,32,882,3),(190,12,48,883,1),(268,15,41,891,5),(258,33,10,907,5),(220,31,44,908,4),(229,8,9,913,4),(193,29,18,917,1),(237,12,48,923,1),(220,33,10,927,5),(276,25,44,943,4),(249,28,44,950,3),(222,4,26,951,5),(237,14,36,954,1),(271,33,10,970,5),(270,25,44,972,4),(189,22,47,974,2),(202,34,32,979,3),(211,9,26,982,5),(267,18,32,988,5),(188,12,48,995,1),(185,4,26,1082,5),(190,25,44,1083,4),(195,29,18,1084,1),(195,29,18,1085,1),(197,5,5,1086,4),(199,33,10,1087,5),(201,22,47,1088,2),(201,22,47,1089,2),(204,29,18,1090,1),(208,35,2,1091,4),(209,6,37,1092,4),(212,29,18,1094,1),(215,4,26,1096,5),(215,4,26,1097,5),(218,4,26,1098,5),(224,25,44,1099,4),(230,7,19,1100,1),(230,7,19,1101,1),(230,7,19,1102,1),(230,7,19,1103,1),(233,7,19,1105,1),(233,7,19,1106,1),(236,4,26,1108,5),(236,4,26,1109,5),(242,7,19,1110,1),(242,7,19,1111,1),(245,8,9,1112,4),(245,8,9,1113,4),(248,22,47,1114,2),(248,22,47,1115,2),(250,15,41,1116,5),(254,18,32,1118,5),(257,7,19,1119,1),(260,19,44,1120,1),(260,19,44,1121,1),(260,19,44,1122,1),(269,18,32,1123,5),(269,18,32,1124,5),(272,9,26,1125,5),(276,25,44,1126,4),(257,26,22,1127,3),(257,26,22,1128,3),(269,28,44,1130,3),(236,26,22,1131,3),(236,26,22,1132,3),(236,26,22,1133,3),(188,26,22,1148,3),(232,14,36,1167,1),(232,14,36,1168,1),(218,6,37,1172,4),(218,6,37,1173,4),(206,8,9,1198,4),(206,8,9,1199,4),(261,33,10,1210,5),(260,9,26,1227,5),(260,9,26,1228,5),(226,12,48,1250,1),(226,12,48,1251,1),(252,15,41,1296,5),(252,15,41,1297,5),(198,26,22,1298,3),(209,19,44,1312,1),(258,9,26,1343,5),(258,9,26,1344,5),(268,18,32,1359,5),(191,33,10,1420,5),(205,8,9,1421,4),(225,8,9,1422,4),(251,28,44,1425,3),(252,19,44,1426,1),(255,15,41,1427,5),(258,29,18,1428,1),(205,25,44,1445,4),(205,25,44,1446,4),(205,25,44,1447,4),(266,28,44,1458,3),(277,22,47,1508,2),(206,12,48,1520,1),(261,5,5,1527,4),(222,4,26,1528,5),(194,7,19,1546,1),(289,31,44,6,4),(361,9,26,10,5),(308,12,48,21,1),(332,25,44,49,4),(279,8,9,58,4),(320,18,32,67,5),(277,7,19,70,1),(357,12,48,71,1),(285,28,44,72,3),(282,26,22,74,3),(308,12,48,78,1),(302,34,32,84,3),(290,25,44,87,4),(331,19,44,91,1),(352,6,37,92,4),(343,4,26,105,5),(340,8,9,113,4),(348,22,47,141,2),(301,9,26,145,5),(322,18,32,163,5),(321,15,41,165,5),(367,15,41,170,5),(333,26,22,175,3),(299,22,47,180,2),(362,18,32,186,5),(291,7,19,192,1),(363,15,41,193,5),(288,5,5,209,4),(358,34,32,211,3),(346,19,44,214,1),(294,4,26,220,5),(336,14,36,224,1),(304,9,26,238,5),(289,31,44,240,4),(354,28,44,245,3),(324,25,44,246,4),(300,22,47,249,2),(366,15,41,257,5),(348,22,47,266,2),(346,9,26,267,5),(283,8,9,269,4),(321,15,41,278,5),(334,7,19,281,1),(333,26,22,283,3),(339,4,26,288,5),(343,4,26,291,5),(294,34,32,292,3),(357,12,48,300,1),(356,25,44,308,4),(340,25,44,312,4),(344,29,18,327,1),(338,31,44,330,4),(281,19,44,338,1),(298,34,32,361,3),(354,28,44,365,3),(358,34,32,373,3),(367,15,41,379,5),(343,4,26,380,5),(285,22,47,384,2),(316,15,41,386,5),(334,7,19,387,1),(304,33,10,391,5),(340,25,44,400,4),(361,25,44,402,4),(285,28,44,407,3),(357,12,48,421,1),(325,26,22,422,3),(367,15,41,423,5),(330,9,26,427,5),(277,26,22,428,3),(333,26,22,433,3),(340,25,44,450,4),(281,19,44,456,1),(345,33,10,459,5),(344,5,5,464,4),(332,25,44,469,4),(358,6,37,473,4),(278,31,44,493,4),(278,31,44,494,4),(361,4,26,495,5),(328,26,22,496,3),(348,22,47,511,2),(329,14,36,524,1),(309,31,44,531,4),(279,8,9,540,4),(283,9,26,543,5),(365,22,47,545,2),(316,15,41,549,5),(309,31,44,555,4),(313,34,32,591,3),(322,18,32,601,5),(287,14,36,602,1),(333,26,22,603,3),(286,28,44,604,3),(305,26,22,613,3),(346,9,26,631,5),(365,28,44,632,3),(368,18,32,638,5),(345,33,10,639,5),(367,15,41,640,5),(357,12,48,643,1),(301,19,44,654,1),(297,34,32,674,3),(358,34,32,677,3),(330,31,44,707,4),(363,18,32,713,5),(363,18,32,718,5),(350,5,5,728,4),(278,18,32,735,5),(347,5,5,741,4),(278,31,44,743,4),(300,22,47,758,2),(303,28,44,781,3),(350,5,5,789,4),(323,12,48,793,1),(296,33,10,794,5),(326,19,44,819,1),(341,31,44,821,4),(298,34,32,822,3),(369,25,44,824,4),(357,12,48,827,1),(345,33,10,828,5),(295,7,19,832,1),(302,14,36,833,1),(363,28,44,839,3),(338,31,44,840,4),(362,18,32,848,5),(302,34,32,851,3),(308,12,48,855,1),(322,18,32,865,5),(336,14,36,866,1),(346,9,26,868,5),(340,25,44,884,4),(289,31,44,892,4),(277,7,19,896,1),(340,25,44,898,4),(282,26,22,900,3),(340,8,9,902,4),(302,34,32,904,3),(331,19,44,905,1),(311,33,10,906,5),(313,34,32,910,3),(352,6,37,921,4),(302,14,36,948,1),(343,4,26,976,5),(334,7,19,981,1),(364,4,26,989,5),(280,8,9,993,4),(355,7,19,998,1),(284,29,18,1129,1),(292,25,44,1134,4),(306,4,26,1136,5),(307,18,32,1137,5),(307,18,32,1138,5),(310,31,44,1139,4),(310,31,44,1140,4),(312,25,44,1141,4),(314,33,10,1142,5),(315,33,10,1143,5),(317,4,26,1144,5),(317,4,26,1145,5),(319,22,47,1146,2),(319,22,47,1147,2),(327,6,37,1149,4),(332,8,9,1150,4),(332,8,9,1151,4),(335,6,37,1152,4),(335,6,37,1153,4),(337,15,41,1154,5),(340,12,48,1155,1),(340,12,48,1156,1),(341,7,19,1157,1),(341,7,19,1158,1),(341,7,19,1159,1),(336,33,10,1160,5),(336,33,10,1161,5),(336,33,10,1162,5),(347,12,48,1163,1),(349,14,36,1164,1),(349,14,36,1165,1),(349,14,36,1166,1),(353,12,48,1169,1),(359,29,18,1170,1),(365,22,47,1171,2),(369,14,36,1175,1),(368,8,9,1179,4),(332,5,5,1195,4),(333,19,44,1242,1),(348,6,37,1246,4),(360,8,9,1276,4),(360,8,9,1277,4),(360,8,9,1278,4),(298,28,44,1283,3),(298,28,44,1284,3),(365,9,26,1341,5),(365,9,26,1342,5),(303,7,19,1346,1),(303,7,19,1347,1),(330,22,47,1362,2),(330,22,47,1363,2),(290,7,19,1429,1),(290,7,19,1430,1),(290,7,19,1431,1),(293,8,9,1432,4),(318,22,47,1435,2),(318,22,47,1436,2),(303,15,41,1437,5),(333,4,26,1438,5),(333,4,26,1439,5),(342,33,10,1442,5),(342,33,10,1443,5),(342,33,10,1444,5),(360,12,48,1448,1),(279,6,37,1478,4),(321,26,22,1481,3),(343,8,9,1521,4),(343,8,9,1522,4),(343,8,9,1523,4),(350,22,47,1524,2),(350,22,47,1525,2),(350,22,47,1526,2),(351,8,9,1553,4),(351,8,9,1554,4),(351,8,9,1555,4),(406,4,26,1,5),(389,15,41,7,5),(425,29,18,29,1),(445,25,44,34,4),(425,29,18,41,1),(431,19,44,45,1),(411,14,36,47,1),(389,22,47,62,2),(403,5,5,68,4),(432,18,32,77,5),(442,28,44,103,3),(404,28,44,115,3),(395,8,9,117,4),(396,31,44,119,4),(419,5,5,121,4),(428,4,26,126,5),(371,34,32,130,3),(452,5,5,136,4),(448,26,22,139,3),(440,8,9,142,4),(385,4,26,147,5),(423,31,44,148,4),(380,33,10,160,5),(384,25,44,162,4),(377,8,9,167,4),(406,4,26,172,5),(405,9,26,181,5),(418,14,36,184,1),(404,28,44,185,3),(403,5,5,187,4),(414,18,32,188,5),(420,31,44,195,4),(444,12,48,197,1),(455,28,44,205,3),(400,4,26,206,5),(403,19,44,208,1),(432,6,37,210,4),(412,19,44,231,1),(455,12,48,232,1),(389,15,41,239,5),(416,33,10,242,5),(456,14,36,243,1),(461,4,26,250,5),(439,28,44,252,3),(445,25,44,253,4),(382,18,32,298,5),(382,12,48,317,1),(460,26,22,322,3),(449,8,9,329,4),(422,18,32,336,5),(377,8,9,366,4),(432,6,37,381,4),(453,9,26,392,5),(395,8,9,394,4),(406,4,26,401,5),(405,9,26,404,5),(392,5,5,405,4),(407,34,32,412,3),(405,9,26,413,5),(405,9,26,415,5),(408,12,48,424,1),(393,7,19,430,1),(443,31,44,432,4),(454,4,26,440,5),(384,25,44,463,4),(374,5,5,475,4),(429,26,22,492,3),(404,28,44,497,3),(421,18,32,499,5),(423,28,44,504,3),(426,12,48,509,1),(406,33,10,526,5),(389,15,41,532,5),(391,5,5,541,4),(432,9,26,544,5),(440,8,9,546,4),(405,33,10,558,5),(370,6,37,576,4),(378,19,44,578,1),(388,22,47,582,2),(397,12,48,583,1),(396,31,44,589,4),(460,28,44,600,3),(386,31,44,605,4),(378,19,44,608,1),(393,26,22,614,3),(418,14,36,615,1),(392,15,41,621,5),(413,5,5,623,4),(442,22,47,625,2),(398,29,18,627,1),(450,4,26,633,5),(432,6,37,646,4),(405,33,10,648,5),(440,9,26,650,5),(439,28,44,657,3),(446,8,9,668,4),(423,28,44,669,3),(418,22,47,670,2),(456,14,36,676,1),(452,5,5,678,4),(448,8,9,685,4),(402,26,22,693,3),(415,25,44,695,4),(382,12,48,698,1),(374,5,5,705,4),(397,12,48,714,1),(432,18,32,719,5),(450,4,26,722,5),(405,33,10,725,5),(408,12,48,726,1),(416,33,10,740,5),(416,19,44,760,1),(416,19,44,764,1),(427,25,44,765,4),(375,18,32,782,5),(391,6,37,798,4),(405,33,10,799,5),(416,19,44,804,1),(392,15,41,818,5),(387,19,44,849,1),(391,34,32,852,3),(409,12,48,853,1),(405,33,10,867,5),(389,22,47,872,2),(418,25,44,878,4),(413,5,5,879,4),(460,28,44,893,3),(406,33,10,897,5),(401,34,32,901,3),(379,15,41,911,5),(388,22,47,925,2),(423,28,44,928,3),(384,26,22,934,3),(423,28,44,938,3),(434,15,41,944,5),(428,4,26,960,5),(386,31,44,978,4),(394,5,5,984,4),(380,34,32,987,3),(412,4,26,990,5),(379,15,41,999,5),(372,25,44,1176,4),(375,9,26,1177,5),(375,9,26,1178,5),(378,7,19,1180,1),(381,8,9,1182,4),(383,12,48,1183,1),(390,14,36,1184,1),(390,14,36,1185,1),(398,28,44,1186,3),(398,28,44,1187,3),(409,25,44,1189,4),(409,25,44,1190,4),(414,15,41,1191,5),(414,15,41,1192,5),(417,31,44,1193,4),(417,31,44,1194,4),(420,4,26,1196,5),(424,4,26,1197,5),(430,31,44,1200,4),(433,33,10,1201,5),(435,9,26,1202,5),(436,34,32,1203,3),(441,34,32,1204,3),(441,34,32,1205,3),(447,25,44,1206,4),(451,28,44,1207,3),(451,28,44,1208,3),(452,7,19,1209,1),(457,15,41,1211,5),(417,9,26,1223,5),(389,5,5,1225,4),(459,6,37,1256,4),(373,5,5,1334,4),(373,5,5,1335,4),(373,5,5,1336,4),(397,25,44,1348,4),(402,22,47,1353,2),(402,22,47,1354,2),(411,14,36,1371,1),(411,14,36,1372,1),(411,14,36,1373,1),(398,18,32,1377,5),(398,18,32,1378,5),(398,18,32,1379,5),(413,15,41,1384,5),(370,31,44,1449,4),(373,6,37,1450,4),(376,19,44,1451,1),(399,9,26,1452,5),(399,9,26,1453,5),(410,29,18,1454,1),(410,29,18,1455,1),(437,9,26,1457,5),(453,4,26,1461,5),(456,14,36,1462,1),(458,4,26,1463,5),(379,28,44,1480,3),(442,19,44,1484,1),(442,19,44,1485,1),(442,19,44,1486,1),(438,12,48,1497,1),(438,12,48,1498,1),(438,12,48,1499,1),(438,22,47,1529,2),(459,6,37,1532,4),(422,8,9,1542,4),(422,8,9,1543,4),(383,14,36,1556,1),(435,28,44,1560,3),(527,31,44,16,4),(521,5,5,38,4),(537,25,44,101,4),(483,29,18,106,1),(501,25,44,128,4),(500,34,32,143,3),(531,33,10,156,5),(495,12,48,157,1),(477,19,44,191,1),(529,29,18,196,1),(479,5,5,199,4),(503,33,10,202,5),(478,6,37,204,4),(495,12,48,207,1),(484,5,5,215,4),(550,4,26,219,5),(506,29,18,223,1),(483,29,18,236,1),(489,5,5,244,4),(495,5,5,251,4),(520,33,10,254,5),(528,9,26,258,5),(474,26,22,279,3),(471,19,44,280,1),(516,5,5,284,4),(510,15,41,286,5),(521,7,19,303,1),(551,12,48,306,1),(496,8,9,307,4),(495,12,48,309,1),(524,18,32,314,5),(501,9,26,323,5),(496,8,9,332,4),(473,7,19,337,1),(505,4,26,346,5),(506,29,18,349,1),(470,31,44,352,4),(463,12,48,367,1),(482,28,44,371,3),(531,33,10,372,5),(515,26,22,375,3),(521,5,5,390,4),(482,28,44,406,3),(482,28,44,429,3),(554,19,44,454,1),(526,19,44,457,1),(462,34,32,466,3),(474,22,47,471,2),(539,5,5,474,4),(493,31,44,479,4),(462,34,32,488,3),(480,25,44,491,4),(499,29,18,503,1),(493,31,44,525,4),(505,8,9,528,4),(488,14,36,536,1),(478,29,18,539,1),(543,19,44,542,1),(530,9,26,550,5),(553,9,26,563,5),(546,28,44,572,3),(518,22,47,590,2),(512,14,36,593,1),(520,33,10,596,5),(489,5,5,598,4),(494,25,44,609,4),(526,15,41,617,5),(544,22,47,624,2),(469,6,37,634,4),(467,22,47,659,2),(515,26,22,660,3),(527,31,44,663,4),(516,19,44,665,1),(521,7,19,684,1),(471,19,44,689,1),(496,25,44,691,4),(493,31,44,701,4),(470,33,10,723,5),(500,34,32,729,3),(473,7,19,738,1),(501,25,44,745,4),(550,4,26,749,5),(463,26,22,752,3),(535,29,18,753,1),(488,14,36,754,1),(464,31,44,763,4),(526,15,41,766,5),(529,29,18,775,1),(468,22,47,776,2),(528,9,26,779,5),(466,22,47,792,2),(476,4,26,825,5),(486,14,36,834,1),(526,15,41,846,5),(534,18,32,854,5),(529,29,18,864,1),(485,14,36,874,1),(497,8,9,895,4),(484,9,26,919,5),(468,22,47,930,2),(506,29,18,933,1),(508,14,36,937,1),(500,34,32,939,3),(545,7,19,940,1),(484,5,5,958,4),(513,7,19,964,1),(540,4,26,965,5),(546,25,44,966,4),(475,25,44,977,4),(530,9,26,983,5),(509,19,44,986,1),(500,25,44,996,4),(465,12,48,1212,1),(465,12,48,1213,1),(465,12,48,1214,1),(472,12,48,1219,1),(472,12,48,1220,1),(475,9,26,1221,5),(487,25,44,1226,4),(490,8,9,1229,4),(490,8,9,1230,4),(491,5,5,1231,4),(491,5,5,1232,4),(498,7,19,1233,1),(499,26,22,1234,3),(502,33,10,1235,5),(502,33,10,1236,5),(504,29,18,1237,1),(507,31,44,1238,4),(507,31,44,1239,4),(511,22,47,1240,2),(514,15,41,1241,5),(519,8,9,1243,4),(504,33,10,1244,5),(504,33,10,1245,5),(525,28,44,1247,3),(491,6,37,1248,4),(491,6,37,1249,4),(532,12,48,1252,1),(532,12,48,1253,1),(536,4,26,1254,5),(538,8,9,1255,4),(541,26,22,1257,3),(547,28,44,1258,3),(552,28,44,1259,3),(481,22,47,1273,2),(534,26,22,1294,3),(462,5,5,1320,4),(462,5,5,1321,4),(546,25,44,1331,4),(546,25,44,1332,4),(546,25,44,1333,4),(481,31,44,1464,4),(492,26,22,1467,3),(492,26,22,1468,3),(517,33,10,1469,5),(522,22,47,1470,2),(522,22,47,1471,2),(523,18,32,1472,5),(533,29,18,1474,1),(533,29,18,1475,1),(541,29,18,1483,1),(485,25,44,1487,4),(485,25,44,1488,4),(485,25,44,1489,4),(485,25,44,1490,4),(485,25,44,1491,4),(542,29,18,1533,1),(548,22,47,1534,2),(549,9,26,1563,5),(562,25,44,15,4),(597,31,44,19,4),(573,22,47,22,2),(634,31,44,25,4),(585,8,9,26,4),(623,15,41,39,5),(561,18,32,46,5),(616,7,19,51,1),(611,18,32,54,5),(622,18,32,65,5),(560,18,32,95,5),(582,18,32,116,5),(615,28,44,129,3),(620,25,44,140,4),(623,31,44,150,4),(641,33,10,159,5),(618,31,44,161,4),(596,19,44,166,1),(623,14,36,177,1),(604,34,32,190,3),(597,31,44,203,4),(624,18,32,212,5),(562,33,10,227,5),(609,7,19,260,1),(590,6,37,265,4),(556,18,32,272,5),(568,5,5,273,4),(572,19,44,274,1),(565,12,48,289,1),(618,31,44,294,4),(561,33,10,304,5),(563,22,47,319,2),(560,22,47,321,2),(583,14,36,326,1),(613,14,36,339,1),(577,4,26,345,5),(638,26,22,383,3),(615,28,44,388,3),(592,9,26,389,5),(597,31,44,403,4),(630,33,10,411,5),(599,18,32,452,5),(625,7,19,455,1),(598,28,44,467,3),(628,28,44,480,3),(600,12,48,487,1),(623,15,41,500,5),(614,9,26,513,5),(607,22,47,522,2),(638,26,22,551,3),(639,22,47,552,2),(561,15,41,553,5),(593,26,22,562,3),(585,8,9,564,4),(639,22,47,569,2),(580,14,36,574,1),(617,25,44,586,4),(557,34,32,592,3),(585,8,9,616,4),(629,15,41,635,5),(634,31,44,651,4),(580,14,36,653,1),(601,12,48,655,1),(646,12,48,664,1),(634,18,32,675,5),(630,33,10,680,5),(556,18,32,686,5),(615,28,44,696,3),(595,19,44,751,1),(620,25,44,759,4),(617,25,44,761,4),(583,14,36,785,1),(614,9,26,812,5),(572,19,44,817,1),(623,15,41,826,5),(569,15,41,829,5),(625,7,19,838,1),(605,9,26,843,5),(613,14,36,844,1),(644,25,44,861,4),(556,18,32,863,5),(610,12,48,885,1),(598,28,44,889,3),(595,19,44,922,1),(566,25,44,929,4),(566,25,44,931,4),(600,12,48,947,1),(562,33,10,949,5),(557,18,32,971,5),(622,18,32,991,5),(583,14,36,994,1),(555,5,5,1260,4),(558,33,10,1261,5),(563,12,48,1267,1),(563,12,48,1268,1),(564,22,47,1269,2),(567,19,44,1271,1),(567,19,44,1272,1),(570,14,36,1274,1),(571,31,44,1275,4),(574,14,36,1280,1),(578,18,32,1281,5),(579,9,26,1282,5),(581,33,10,1285,5),(581,33,10,1286,5),(581,33,10,1287,5),(584,28,44,1289,3),(586,8,9,1290,4),(586,8,9,1291,4),(586,8,9,1292,4),(591,26,22,1293,3),(594,12,48,1295,1),(601,22,47,1300,2),(601,22,47,1301,2),(601,22,47,1302,2),(601,22,47,1303,2),(601,22,47,1304,2),(603,12,48,1309,1),(606,26,22,1310,3),(586,19,44,1311,1),(612,8,9,1313,4),(612,8,9,1314,4),(619,29,18,1315,1),(619,29,18,1316,1),(621,18,32,1317,5),(621,18,32,1318,5),(587,34,32,1319,3),(626,19,44,1322,1),(627,22,47,1323,2),(627,22,47,1324,2),(627,22,47,1325,2),(631,34,32,1328,3),(635,31,44,1330,4),(637,25,44,1337,4),(637,25,44,1338,4),(637,25,44,1339,4),(637,25,44,1340,4),(640,28,44,1345,3),(642,29,18,1349,1),(643,34,32,1350,3),(643,34,32,1351,3),(643,34,32,1352,3),(645,22,47,1355,2),(623,6,37,1369,4),(575,33,10,1482,5),(602,9,26,1492,5),(602,9,26,1493,5),(602,9,26,1494,5),(602,9,26,1495,5),(608,34,32,1496,3),(632,28,44,1500,3),(636,33,10,1501,5),(636,33,10,1502,5),(636,33,10,1503,5),(618,18,32,1504,5),(618,18,32,1505,5),(559,14,36,1535,1),(576,7,19,1537,1),(587,33,10,1538,5),(587,33,10,1539,5),(587,33,10,1540,5),(633,14,36,1541,1),(588,19,44,1557,1),(588,19,44,1558,1),(588,19,44,1559,1),(589,22,47,1564,2),(589,22,47,1565,2),(589,22,47,1566,2),(670,7,19,32,1),(651,14,36,37,1),(675,22,47,53,2),(676,28,44,64,3),(653,26,22,73,3),(686,15,41,79,5),(683,6,37,89,4),(675,22,47,111,2),(658,29,18,112,1),(671,4,26,133,5),(649,25,44,146,4),(661,28,44,174,3),(682,9,26,182,5),(682,9,26,233,5),(650,28,44,234,3),(670,7,19,261,1),(682,9,26,264,5),(672,18,32,275,5),(675,22,47,342,2),(685,18,32,350,5),(662,7,19,369,1),(664,22,47,395,2),(680,14,36,468,1),(650,28,44,485,3),(676,28,44,486,3),(682,9,26,490,5),(677,14,36,510,1),(661,28,44,521,3),(654,7,19,533,1),(684,18,32,538,5),(677,14,36,607,1),(657,14,36,612,1),(652,9,26,642,5),(657,14,36,658,1),(661,28,44,699,3),(680,14,36,739,1),(671,4,26,767,5),(652,9,26,771,5),(654,7,19,774,1),(671,4,26,778,5),(682,9,26,788,5),(667,25,44,862,4),(658,29,18,869,1),(652,9,26,880,5),(682,9,26,935,5),(653,26,22,967,3),(678,28,44,969,3),(678,28,44,980,3),(659,12,48,997,1),(687,1,52,1000,NULL),(687,1,52,1001,NULL),(647,33,10,1356,5),(648,31,44,1357,4),(648,31,44,1358,4),(655,29,18,1360,1),(655,29,18,1361,1),(660,8,9,1366,4),(663,4,26,1368,5),(668,6,37,1370,4),(673,22,47,1374,2),(674,14,36,1375,1),(674,14,36,1376,1),(679,19,44,1380,1),(679,19,44,1381,1),(681,5,5,1382,4),(681,5,5,1383,4),(656,14,36,1506,1),(656,14,36,1507,1),(665,25,44,1509,4),(669,18,32,1510,5),(666,5,5,1567,4),(688,1,52,1575,NULL),(688,1,52,1576,NULL),(688,1,52,1577,NULL),(688,1,52,1578,NULL),(688,1,52,1579,NULL),(688,1,52,1580,NULL),(688,1,52,1581,NULL),(688,1,52,1582,NULL);
/*!40000 ALTER TABLE `Performance` ENABLE KEYS */;
UNLOCK TABLES;

--
-- Table structure for table `Product`
--

DROP TABLE IF EXISTS `Product`;
/*!40101 SET @saved_cs_client     = @@character_set_client */;
/*!50503 SET character_set_client = utf8mb4 */;
CREATE TABLE `Product` (
  `Product_Key` int NOT NULL AUTO_INCREMENT,
  `Product_ID` varchar(20) NOT NULL,
  `Price` float NOT NULL,
  `discount_percent` float DEFAULT NULL,
  `Model_Year` int NOT NULL,
  `Product_Name` varchar(50) NOT NULL,
  `Brand_Name` varchar(50) NOT NULL,
  `Category_Name` varchar(50) NOT NULL,
  `Inventory_Status` varchar(50) NOT NULL,
  PRIMARY KEY (`Product_Key`),
  UNIQUE KEY `Product_ID` (`Product_ID`)
) ENGINE=InnoDB AUTO_INCREMENT=32 DEFAULT CHARSET=utf8mb4 COLLATE=utf8mb4_0900_ai_ci;
/*!40101 SET character_set_client = @saved_cs_client */;

--
-- Dumping data for table `Product`
--

LOCK TABLES `Product` WRITE;
/*!40000 ALTER TABLE `Product` DISABLE KEYS */;
INSERT INTO `Product` VALUES (1,'EB2023MVT',869.99,NULL,2022,'Giant Escape 3','Trek','Hybrid','In Stock'),(2,'FB2023BMSD8',909.99,NULL,2020,'Strida LT','Trek','Folding bicycle','In Stock'),(3,'FG2023QCXT',999.99,20,2022,'Santa Cruz Nomad','Trek','Mountain bike','In Stock'),(4,'MTB2023XCA9',599.99,NULL,2020,'Specialized Allez','Trek','Road bike','In Stock'),(5,'EB2023SATV',669.99,10,2021,'Dahon Mariner D8','Specialized','Folding bicycle','In Stock'),(6,'FB2023TM8D',699.99,NULL,2023,'State Bicycle Co. Core Line','Specialized','Fixed Gear','In Stock'),(7,'FG2023SBCCL',749.99,20,2021,'Cannondale CAAD13 Disc','Specialized','Road bike','In Stock'),(8,'HB2023S5X',789.99,NULL,2023,'Trek FX 3','Specialized','Hybrid','In Stock'),(9,'EB2023STV',849.99,NULL,2020,'Cinelli Tutto','Giant','Fixed Gear','In Stock'),(10,'FB2023BS6L',899.99,11.5,2022,'Giant Contend SL1','Giant','Road bike','In Stock'),(11,'HB2023GQCC3',819.99,NULL,2022,'Rad Power Bikes RadRover','Giant','Electric','In Stock'),(12,'MTB2023RDB9',599.99,NULL,2023,'Cannondale Quick CX 3','Giant','Hybrid','In Stock'),(13,'EB2023RPBRR',649.99,NULL,2023,'Trek X-Caliber 9','Cannondale','Mountain bike','In Stock'),(14,'FG2023UZT',749.99,11.5,2023,'Specialized Sirrus X 5.0','Cannondale','Hybrid','In Stock'),(15,'HB2023TSX5',759.99,NULL,2021,'Pure Cycles Original Series','Cannondale','Fixed Gear','In Stock'),(16,'MTB2023YTNR',569.99,NULL,2023,'Ancheer Electric Mountain Bike','Cannondale','Electric','Out of Stock'),(17,'FG2023PUCE',979.99,NULL,2020,'Specialized Turbo Vado','Scott','Electric','In Stock'),(18,'HB2023GET3',799.99,19,2020,'Specialized Rockhopper','Scott','Mountain bike','In Stock'),(19,'MTB2023GAP29',629.99,25.5,2022,'Quella Varsity','Scott','Fixed Gear','In Stock'),(20,'FB2023TLD8',719.99,NULL,2021,'Gazelle Ultimate T10+ HMB','Bianchi','Electric','In Stock'),(21,'FG2023PCOS',779.99,5,2023,'Tern Link D8','Bianchi','Folding bicycle','In Stock'),(22,'MTB2023SRH',549.99,NULL,2021,'Giant Anthem Advanced Pro 29','Bianchi','Mountain bike','In Stock');
/*!40000 ALTER TABLE `Product` ENABLE KEYS */;
UNLOCK TABLES;

--
-- Table structure for table `Region`
--

DROP TABLE IF EXISTS `Region`;
/*!40101 SET @saved_cs_client     = @@character_set_client */;
/*!50503 SET character_set_client = utf8mb4 */;
CREATE TABLE `Region` (
  `Region_Key` int NOT NULL AUTO_INCREMENT,
  `Region` varchar(20) NOT NULL,
  `State` varchar(20) NOT NULL,
  PRIMARY KEY (`Region_Key`)
) ENGINE=InnoDB AUTO_INCREMENT=64 DEFAULT CHARSET=utf8mb4 COLLATE=utf8mb4_0900_ai_ci;
/*!40101 SET character_set_client = @saved_cs_client */;

--
-- Dumping data for table `Region`
--

LOCK TABLES `Region` WRITE;
/*!40000 ALTER TABLE `Region` DISABLE KEYS */;
INSERT INTO `Region` VALUES (1,'South','Alabama'),(2,'West','Alaska'),(3,'Southwest','Arizona'),(4,'South','Arkansas'),(5,'West','California'),(6,'West','Colorado'),(7,'New England','Connecticut'),(8,'Middle Atlantic','Delaware'),(9,'Middle Atlantic','District of Columbia'),(10,'South','Florida'),(11,'South','Georgia'),(12,'West','Hawaii'),(13,'West','Idaho'),(14,'Midwest','Illinois'),(15,'Midwest','Indiana'),(16,'Midwest','Iowa'),(17,'Midwest','Kansas'),(18,'South','Kentucky'),(19,'South','Louisiana'),(20,'New England','Maine'),(21,'Middle Atlantic','Maryland'),(22,'New England','Massachusetts'),(23,'Midwest','Michigan'),(24,'Midwest','Minnesota'),(25,'South','Mississippi'),(26,'South','Missouri'),(27,'West','Montana'),(28,'Midwest','Nebraska'),(29,'West','Nevada'),(30,'New England','New Hampshire'),(31,'Middle Atlantic','New Jersey'),(32,'Southwest','New Mexico'),(33,'Middle Atlantic','New York'),(34,'South','North Carolina'),(35,'Midwest','North Dakota'),(36,'Midwest','Ohio'),(37,'Southwest','Oklahoma'),(38,'West','Oregon'),(39,'Middle Atlantic','Pennsylvania'),(40,'New England','Rhode Island'),(41,'South','South Carolina'),(42,'Midwest','South Dakota'),(43,'South','Tennessee'),(44,'Southwest','Texas'),(45,'West','Utah'),(46,'New England','Vermont'),(47,'South','Virginia'),(48,'West','Washington'),(49,'South','West Virginia'),(50,'Midwest','Wisconsin'),(51,'West','Wyoming'),(52,'Online','Online');
/*!40000 ALTER TABLE `Region` ENABLE KEYS */;
UNLOCK TABLES;

--
-- Table structure for table `Sales`
--

DROP TABLE IF EXISTS `Sales`;
/*!40101 SET @saved_cs_client     = @@character_set_client */;
/*!50503 SET character_set_client = utf8mb4 */;
CREATE TABLE `Sales` (
  `Product_Key` int NOT NULL,
  `Calendar_Key` int NOT NULL,
  `Order_Detail_Key` int NOT NULL,
  `Region_Key` int NOT NULL,
  `Customer_Key` int NOT NULL,
  `Price` float NOT NULL,
  `qty` int NOT NULL,
  KEY `Product_Key` (`Product_Key`),
  KEY `Calendar_Key` (`Calendar_Key`),
  KEY `Order_Detail_Key` (`Order_Detail_Key`),
  KEY `Region_Key` (`Region_Key`),
  KEY `Customer_Key` (`Customer_Key`),
  CONSTRAINT `sales_ibfk_1` FOREIGN KEY (`Product_Key`) REFERENCES `Product` (`Product_Key`),
  CONSTRAINT `sales_ibfk_2` FOREIGN KEY (`Calendar_Key`) REFERENCES `Calendar` (`Calendar_Key`),
  CONSTRAINT `sales_ibfk_3` FOREIGN KEY (`Order_Detail_Key`) REFERENCES `Order_Details` (`Order_Detail_Key`),
  CONSTRAINT `sales_ibfk_4` FOREIGN KEY (`Region_Key`) REFERENCES `Region` (`Region_Key`),
  CONSTRAINT `sales_ibfk_5` FOREIGN KEY (`Customer_Key`) REFERENCES `Customer` (`Customer_Key`)
) ENGINE=InnoDB DEFAULT CHARSET=utf8mb4 COLLATE=utf8mb4_0900_ai_ci;
/*!40101 SET character_set_client = @saved_cs_client */;

--
-- Dumping data for table `Sales`
--

LOCK TABLES `Sales` WRITE;
/*!40000 ALTER TABLE `Sales` DISABLE KEYS */;
INSERT INTO `Sales` VALUES (10,1,968,10,131,2651.77,3),(10,1,606,44,184,4499.95,5),(2,1,290,10,131,1819.98,2),(22,1,155,10,131,2749.95,5),(15,2,1574,22,137,1472.11,2),(4,3,1513,44,24,1791.67,3),(13,3,1512,44,24,649.99,1),(22,3,1511,44,24,1604.06,3),(15,3,772,11,32,1472.11,2),(4,3,88,6,47,2369.55,4),(22,4,565,19,88,1602.22,3),(4,5,1536,37,51,1199.98,2),(4,5,888,7,159,599.99,1),(15,6,899,5,175,3767.95,5),(19,6,797,5,175,3149.95,5),(3,6,697,5,175,3999.96,4),(21,6,575,44,60,2321.92,3),(6,6,217,44,60,2799.96,4),(15,7,1004,36,120,3767.95,5),(19,7,1003,36,120,3149.95,5),(3,7,1002,36,120,3999.96,4),(18,8,153,44,11,1570.93,2),(2,8,50,44,11,2729.97,3),(19,9,924,36,48,1259.98,2),(21,9,711,33,50,3107.85,4),(3,10,1476,5,192,2999.97,3),(3,10,1329,33,4,956.61,1),(21,10,1005,24,154,3107.85,4),(7,10,690,5,37,2999.96,4),(18,10,630,5,37,1584.53,2),(6,11,1419,24,23,3498.97,5),(10,11,1215,5,100,2693.21,3),(15,11,810,9,25,2279.97,3),(15,11,169,36,113,759.99,1),(22,11,4,44,139,1099.98,2),(22,12,1006,10,131,1099.98,2),(4,13,746,5,36,599.99,1),(7,13,716,5,36,1499.98,2),(21,13,702,5,36,3119.96,4),(2,13,425,5,36,892.51,1),(22,14,1107,39,182,2191.63,4),(7,14,963,44,26,1499.98,2),(7,15,1007,26,34,1499.98,2),(7,16,1385,39,182,1499.98,2),(15,17,1068,48,180,2279.97,3),(15,17,445,33,4,734.18,1),(4,17,216,33,4,2999.95,5),(6,18,796,39,29,3453.81,5),(13,18,171,39,129,645.27,1),(6,19,1008,22,68,3453.81,5),(3,19,271,9,132,1999.98,2),(22,19,235,14,9,2179.43,4),(6,20,856,48,180,2096,3),(19,21,1135,39,167,1842.93,3),(21,21,952,15,177,3862.45,5),(2,21,362,15,177,2729.97,3),(21,22,1010,33,96,3862.45,5),(2,22,1009,33,96,2729.97,3),(7,22,692,48,6,1499.98,2),(21,23,1387,33,96,3862.45,5),(2,23,1386,33,96,2729.97,3),(4,24,85,44,60,1162.54,2),(4,25,1011,5,191,1162.54,2),(22,26,1408,12,99,2702.05,5),(18,26,1407,12,99,763.06,1),(2,26,1117,44,19,3639.96,4),(22,26,887,5,46,1649.97,3),(19,26,644,41,151,3149.95,5),(10,26,619,5,172,1799.98,2),(2,26,18,5,172,909.75,1),(10,27,1013,10,43,1799.98,2),(2,27,1012,10,43,909.75,1),(10,28,1389,44,144,1799.98,2),(2,28,1388,44,144,909.75,1),(15,29,626,48,168,3799.95,5),(15,30,813,49,42,3799.95,5),(10,30,724,36,195,1759.13,2),(18,30,523,36,195,3174.59,4),(7,30,505,36,195,2999.96,4),(21,30,476,5,46,3881.36,5),(13,30,385,49,42,1299.98,2),(3,31,548,34,67,3974.42,4),(13,31,418,10,163,1949.97,3),(18,31,377,10,163,3165.37,4),(7,31,305,34,67,749.99,1),(7,32,135,1,2,749.99,1),(21,33,1270,11,32,2339.97,3),(22,33,448,44,14,2739.65,5),(2,33,102,10,131,3639.96,4),(4,34,571,5,65,1157.39,2),(6,34,340,5,65,2099.62,3),(2,34,96,5,65,1778.63,2),(13,35,875,5,82,1914.09,3),(6,35,200,5,82,699.99,1),(18,36,667,23,117,1594.49,2),(10,36,118,23,117,4450.73,5),(21,36,48,23,117,2339.97,3),(4,37,955,10,163,1791.67,3),(13,37,708,10,163,649.99,1),(22,37,568,10,163,1604.06,3),(4,38,1016,34,45,1791.67,3),(13,38,1015,34,45,649.99,1),(22,38,1014,34,45,1604.06,3),(15,38,158,45,179,2274.41,3),(4,39,1392,36,58,1791.67,3),(13,39,1391,36,58,649.99,1),(22,39,1390,36,58,1604.06,3),(4,40,1549,8,76,1791.67,3),(13,40,1548,8,76,649.99,1),(22,40,1547,8,76,1604.06,3),(7,40,710,5,122,3746.23,5),(4,40,594,6,156,564.69,1),(18,41,721,18,75,2380.63,3),(9,41,687,7,155,4249.95,5),(9,42,1017,32,146,4249.95,5),(9,43,1393,38,86,4249.95,5),(6,43,973,48,108,2754.98,4),(21,43,769,47,81,2305.08,3),(21,43,661,47,81,1559.98,2),(10,43,618,47,81,3555.77,4),(13,43,311,39,182,1262.2,2),(7,43,57,39,182,2229.15,3),(9,44,1514,5,191,4249.95,5),(9,45,1550,44,95,4249.95,5),(2,45,1434,7,159,2729.97,3),(9,45,1433,7,159,849.99,1),(4,45,1093,3,7,1774.34,3),(15,45,263,50,71,2279.97,3),(4,46,786,17,66,2399.96,4),(18,46,277,17,66,3992.62,5),(9,47,637,48,168,3399.96,4),(2,47,310,48,168,2729.97,3),(9,48,1019,26,74,3399.96,4),(2,48,1018,26,74,2729.97,3),(4,48,63,6,13,1799.97,3),(9,49,1395,41,101,3399.96,4),(2,49,1394,41,101,2729.97,3),(22,50,1067,5,192,1649.97,3),(10,50,414,33,194,891.26,1),(3,51,920,10,27,4974.24,5),(9,51,179,10,27,1651.65,2),(19,52,122,48,15,3140.11,5),(18,52,3,44,189,791.89,1),(22,53,890,39,182,1600.7,3),(13,53,683,39,182,1259.33,2),(9,53,69,39,182,4245.01,5),(19,54,814,48,168,3149.95,5),(10,54,173,44,24,2693.21,3),(19,55,1020,33,28,3149.95,5),(10,56,462,44,147,3587.13,4),(10,57,1021,47,171,3587.13,4),(18,58,836,25,173,3954.87,5),(3,59,1365,39,128,1999.98,2),(10,59,1364,39,128,899.99,1),(2,59,560,39,129,3639.96,4),(4,59,519,26,104,2399.96,4),(15,59,436,44,24,1519.98,2),(6,59,431,44,24,2090.63,3),(4,59,324,39,129,1799.97,3),(13,59,107,39,129,3224.76,5),(4,59,28,26,69,586.38,1),(3,60,757,3,21,4962.54,5),(3,61,1022,23,117,4962.54,5),(4,62,932,49,42,2999.95,5),(21,62,151,49,42,779.99,1),(19,63,1023,44,35,1259.98,2),(7,64,662,37,145,2236.67,3),(13,64,61,37,145,641.65,1),(10,65,1367,6,187,899.99,1),(7,65,1025,29,3,2236.67,3),(13,65,1024,29,3,641.65,1),(22,66,886,37,145,1083.78,2),(6,66,780,45,179,2799.96,4),(21,66,507,39,162,779.99,1),(10,66,501,37,145,1799.98,2),(9,66,348,39,162,801.04,1),(18,66,183,37,145,3966.17,5),(22,67,1028,44,35,1083.78,2),(10,67,1027,44,35,1799.98,2),(18,67,1026,44,35,3966.17,5),(7,67,941,44,44,704.33,1),(3,67,502,44,44,3957.54,4),(18,67,225,44,44,3988.11,5),(22,68,1398,5,17,1083.78,2),(10,68,1397,5,17,1799.98,2),(18,68,1396,5,17,3966.17,5),(3,69,446,10,22,2992.58,3),(13,69,334,36,113,2579.5,4),(3,70,1029,36,58,2992.58,3),(3,71,1399,1,2,2992.58,3),(3,72,1515,31,106,2992.58,3),(4,72,1441,44,134,2381.45,4),(3,72,1440,44,134,983.83,1),(10,73,800,10,181,2699.97,3),(3,74,914,47,140,1999.98,2),(9,74,860,19,39,3362.05,4),(13,75,953,19,84,649.05,1),(21,75,656,19,84,3119.96,4),(13,76,1031,5,100,649.05,1),(21,76,1030,5,100,3119.96,4),(2,77,645,22,137,1796.5,2),(7,77,426,22,137,749.99,1),(2,78,1033,33,152,1796.5,2),(7,78,1032,33,152,749.99,1),(4,78,820,5,105,2399.96,4),(7,78,641,5,105,3724.25,5),(21,79,1417,44,165,779.99,1),(4,79,1416,44,165,2999.95,5),(2,79,1401,44,44,1796.5,2),(7,79,1400,44,44,749.99,1),(9,80,1222,44,185,2504.42,3),(18,80,962,34,67,3999.95,5),(13,80,498,34,67,3249.95,5),(4,81,918,6,153,599.99,1),(18,81,176,6,153,1584.81,2),(10,82,1288,23,117,1799.98,2),(4,82,1035,39,29,599.99,1),(18,82,1034,39,29,1584.81,2),(10,82,783,44,165,1799.58,2),(4,83,1403,14,9,599.99,1),(18,83,1402,14,9,1584.81,2),(15,83,1075,26,69,3030.06,4),(6,83,131,6,156,2799.96,4),(22,84,1224,36,58,1610.24,3),(7,84,588,26,69,742.16,1),(15,84,484,36,113,759.99,1),(10,85,847,33,114,885.09,1),(13,85,748,33,114,3249.95,5),(10,86,1477,39,182,4499.95,5),(4,86,1036,39,182,564.69,1),(9,87,688,44,184,3399.96,4),(9,87,535,44,184,2549.97,3),(4,87,351,44,184,2358.42,4),(6,88,1460,44,147,1399.98,2),(13,88,1459,44,147,2599.96,4),(13,88,1037,14,9,645.27,1),(9,89,1545,34,18,3399.96,4),(13,89,1544,34,18,3249.95,5),(13,89,1404,14,119,645.27,1),(6,90,750,44,197,3457.42,5),(22,90,83,44,197,1605.23,3),(2,91,1479,39,162,882.38,1),(13,91,1473,44,30,3249.95,5),(22,91,581,3,21,2749.95,5),(21,91,42,3,21,767.37,1),(22,92,554,6,187,2701.14,5),(6,92,360,6,187,2099.97,3),(22,93,1039,6,13,2701.14,5),(6,93,1038,6,13,2099.97,3),(22,94,1406,39,52,2701.14,5),(6,94,1405,39,52,2099.97,3),(9,95,30,41,151,4217.22,5),(6,96,946,36,113,659.06,1),(22,96,399,28,115,2702.05,5),(6,96,114,36,113,2772.78,4),(18,96,110,28,115,763.06,1),(22,97,1041,24,154,2702.05,5),(18,97,1040,24,154,763.06,1),(18,97,194,5,100,2399.97,3),(22,98,1517,31,106,2702.05,5),(18,98,1516,31,106,763.06,1),(22,99,1552,19,138,2702.05,5),(18,99,1551,19,138,763.06,1),(3,99,228,10,22,4999.95,5),(15,99,94,10,22,721.68,1),(22,100,1562,26,160,2702.05,5),(18,100,1561,26,160,763.06,1),(22,101,1569,19,196,2702.05,5),(18,101,1568,19,196,763.06,1),(22,101,1095,5,82,2199.96,4),(22,102,1571,10,109,2702.05,5),(18,102,1570,10,109,763.06,1),(22,103,1573,22,68,2702.05,5),(18,103,1572,22,68,763.06,1),(3,104,859,37,51,2999.97,3),(3,104,850,10,121,4999.95,5),(19,104,90,29,188,1259.98,2),(4,104,31,29,188,599.99,1),(2,105,378,14,90,2729.97,3),(2,106,1042,3,21,2729.97,3),(2,106,444,21,92,1792.2,2),(10,107,957,6,156,4499.95,5),(22,107,628,6,156,1649.97,3),(9,107,570,6,193,1699.98,2),(15,107,515,6,193,3039.96,4),(4,107,470,6,193,599.99,1),(3,107,344,6,156,1960.68,2),(9,108,1045,33,61,1699.98,2),(15,108,1044,33,61,3039.96,4),(4,108,1043,33,61,599.99,1),(4,109,727,26,160,1157.68,2),(21,110,40,29,38,771.27,1),(13,111,1174,5,37,1285.91,2),(18,111,870,29,83,3199.96,4),(19,111,134,29,83,2470.05,4),(7,112,397,44,139,2249.97,3),(13,112,357,44,139,2583.74,4),(9,112,24,44,139,4249.95,5),(7,113,1048,14,119,2249.97,3),(13,113,1047,14,119,2583.74,4),(9,113,1046,14,119,4249.95,5),(18,114,816,39,167,3999.95,5),(15,114,12,39,167,745.62,1),(18,115,1050,48,168,3999.95,5),(15,115,1049,48,168,745.62,1),(10,116,584,6,13,1799.98,2),(4,116,138,6,13,1786.73,3),(10,117,1052,48,178,1799.98,2),(4,117,1051,48,178,1786.73,3),(4,118,1063,47,41,1799.97,3),(22,118,717,1,78,2180.48,4),(4,119,912,14,119,577.08,1),(13,119,368,14,119,1949.97,3),(4,120,441,44,44,1799.97,3),(4,121,1053,6,13,1799.97,3),(2,121,808,47,158,3639.96,4),(7,121,704,33,152,3747.18,5),(4,122,1409,5,46,1799.97,3),(4,123,1518,12,99,1799.97,3),(6,124,343,15,177,2770.42,4),(18,124,149,39,167,1599.98,2),(21,124,137,39,167,3867.5,5),(4,125,1266,19,39,1178.63,2),(18,125,1265,19,39,2399.97,3),(4,125,1264,19,39,2957.3,5),(13,125,1263,19,39,3220.13,5),(21,125,1262,19,39,3119.96,4),(22,125,795,37,51,2749.95,5),(19,125,629,10,109,3112.23,5),(19,126,1054,10,27,3112.23,5),(19,127,1410,34,67,3112.23,5),(3,127,873,8,76,2999.97,3),(18,127,435,8,76,799.99,1),(3,127,398,8,76,4999.95,5),(21,128,1308,33,164,779.99,1),(22,128,1307,33,164,2723.2,5),(10,128,1306,33,164,899.99,1),(4,128,1305,33,164,2999.95,5),(19,128,1104,9,135,629.99,1),(18,128,959,6,107,3152.75,4),(3,128,144,6,107,2981.48,3),(15,129,877,14,9,1498.45,2),(13,129,517,6,107,1920.53,3),(15,129,282,14,9,2242.94,3),(21,130,1424,33,61,779.99,1),(22,130,1423,33,61,1649.97,3),(13,130,1055,37,145,1920.53,3),(9,130,164,44,8,2549.97,3),(15,130,52,44,8,3799.95,5),(22,131,894,38,123,2749.95,5),(4,131,453,38,123,1762.35,3),(19,132,731,15,177,1882,3),(3,132,681,15,177,3982.27,4),(21,132,98,15,177,1559.98,2),(22,133,956,36,58,2199.96,4),(2,133,579,10,143,1819.98,2),(2,134,942,19,39,4512.07,5),(19,134,857,5,122,587.64,1),(19,134,807,19,39,1856.73,3),(18,135,734,39,52,798.86,1),(9,135,700,39,52,2549.97,3),(21,135,55,47,158,3880.22,5),(13,136,682,48,178,2569.22,4),(18,136,241,48,178,751.41,1),(13,137,1057,22,137,2569.22,4),(18,137,1056,22,137,751.41,1),(13,138,1412,14,119,2569.22,4),(18,138,1411,14,119,751.41,1),(9,138,1181,37,51,2502.52,3),(21,138,945,18,75,3872.57,5),(7,138,557,18,75,3749.95,5),(10,138,409,26,34,1799.98,2),(18,139,915,22,56,3186.36,4),(13,139,742,22,56,1949.97,3),(4,139,478,44,95,2999.95,5),(4,140,1058,39,20,2999.95,5),(4,140,647,26,160,1774.34,3),(21,140,599,29,59,738.59,1),(2,140,13,29,59,3614.11,4),(21,141,720,33,28,3899.95,5),(7,141,120,33,28,2982.73,4),(6,142,709,33,114,2068.48,3),(13,142,580,33,114,2593.46,4),(6,143,1060,3,7,2068.48,3),(13,143,1059,3,7,2593.46,4),(9,143,845,19,84,1699.98,2),(6,144,1414,36,113,2068.48,3),(13,144,1413,36,113,2593.46,4),(4,145,985,18,75,2386.64,4),(10,145,489,18,75,1799.98,2),(4,146,1062,5,105,2386.64,4),(10,146,1061,5,105,1799.98,2),(18,146,316,33,164,2369.72,3),(3,146,276,33,164,3970.56,4),(4,147,82,6,102,1799.97,3),(4,148,1279,39,129,1199.98,2),(4,148,437,5,82,1782.14,3),(4,149,1064,44,8,1782.14,3),(4,150,1415,6,13,1782.14,3),(9,151,909,47,111,849.99,1),(18,151,331,47,111,2360.74,3),(9,152,1066,1,78,849.99,1),(18,152,1065,1,78,2360.74,3),(7,153,747,5,141,2999.96,4),(22,154,370,34,18,1099.98,2),(2,155,1188,9,183,4501.91,5),(6,155,520,9,25,699.99,1),(22,155,359,34,67,1649.97,3),(7,156,320,48,108,720.66,1),(3,157,803,18,126,3996.7,4),(10,157,573,47,157,3560.33,4),(9,157,17,47,157,2525.94,3),(2,158,1218,44,147,3639.96,4),(4,158,1217,44,147,1799.97,3),(13,158,1216,44,147,3224.76,5),(3,158,815,26,142,4999.95,5),(4,158,809,44,118,2999.95,5),(4,158,189,26,142,2399.96,4),(4,158,99,44,64,1788.86,3),(2,158,36,44,118,3608.45,4),(7,158,27,26,142,2249.97,3),(21,159,936,25,166,1559.98,2),(4,159,537,5,89,2381.45,4),(3,159,285,5,89,983.83,1),(9,159,93,25,166,1699.98,2),(22,159,66,25,166,2749.95,5),(22,160,1456,47,171,504.66,1),(22,160,926,26,74,504.66,1),(15,160,508,32,146,3799.95,5),(15,161,733,5,172,2279.97,3),(15,161,666,29,83,740.64,1),(19,162,916,10,143,2519.96,4),(22,162,585,21,92,549.99,1),(18,162,434,21,92,3199.96,4),(10,162,124,21,92,2653.54,3),(19,163,805,39,167,1889.97,3),(18,164,706,18,149,3999.95,5),(4,164,458,18,149,1199.98,2),(2,164,287,44,165,895.69,1),(22,164,100,18,149,525.58,1),(21,165,961,19,198,1529.57,2),(7,165,737,11,127,749.99,1),(3,165,556,19,198,3977.66,4),(3,165,270,19,198,4990.18,5),(15,165,259,19,198,759.99,1),(6,165,201,47,41,2058.38,3),(21,166,975,10,181,779.99,1),(4,166,482,10,181,2999.95,5),(21,167,1070,8,76,779.99,1),(4,167,1069,8,76,2999.95,5),(4,167,577,39,52,2999.95,5),(3,168,649,48,6,2969.03,3),(3,169,1071,44,11,2969.03,3),(10,169,313,26,34,2677.38,3),(3,170,1418,36,113,2969.03,3),(3,171,1519,33,93,2969.03,3),(22,172,791,10,181,1099.98,2),(22,172,315,10,94,2749.95,5),(15,172,301,10,181,759.99,1),(9,173,534,47,81,838.4,1),(4,174,881,36,113,1761.32,3),(9,174,831,36,113,3399.96,4),(22,174,801,34,67,1089.94,2),(18,174,559,34,67,1599.98,2),(22,174,460,36,113,2719.82,5),(7,174,104,34,67,2996.45,4),(4,175,1074,47,140,1761.32,3),(9,175,1073,47,140,3399.96,4),(22,175,1072,47,140,2719.82,5),(6,176,1531,3,130,1399.98,2),(13,176,1530,3,130,2599.96,4),(18,176,992,48,15,3177.53,4),(10,176,611,33,28,2699.97,3),(19,176,229,33,28,1259.98,2),(18,177,1299,10,80,1599.98,2),(15,177,11,26,142,3030.06,4),(3,178,811,33,50,999.99,1),(3,179,1076,10,22,999.99,1),(3,180,376,5,175,962.12,1),(7,181,1466,18,149,1468.45,2),(7,181,1465,18,149,3749.95,5),(3,181,1077,39,52,962.12,1),(21,181,449,5,192,1518.07,2),(3,181,410,5,192,3999.96,4),(7,182,1327,44,165,749.99,1),(19,182,1326,44,165,1865.36,3),(9,182,903,33,96,3399.96,4),(13,182,802,33,96,2598.65,4),(22,182,755,33,96,549.99,1),(4,182,744,33,96,1782.08,3),(9,183,1081,48,178,3399.96,4),(13,183,1080,48,178,2598.65,4),(22,183,1079,48,178,549.99,1),(4,183,1078,48,178,1782.08,3),(6,184,451,33,93,3498.97,5),(6,185,1082,48,6,3498.97,5),(19,186,363,26,34,1259.98,2),(21,186,347,26,34,3899.06,5),(19,187,442,44,24,3121.79,5),(9,187,299,44,24,4249.95,5),(9,187,97,44,19,2504.42,3),(7,188,1148,33,28,2234.4,3),(9,188,995,26,74,4249.95,5),(2,188,354,26,74,3639.06,4),(22,189,974,5,37,1649.97,3),(22,190,1083,48,57,1649.97,3),(21,190,883,14,90,2339.97,3),(22,190,43,14,90,549.99,1),(22,191,1420,24,154,1649.97,3),(6,191,76,39,129,684.73,1),(21,192,529,5,141,1559.98,2),(6,193,917,26,199,650.85,1),(2,193,595,26,199,4549.95,5),(13,193,109,43,110,1299.98,2),(19,193,23,43,110,2519.96,4),(6,194,1546,26,34,3499.95,5),(6,194,527,47,158,671.87,1),(6,194,318,10,94,3467.15,5),(18,194,108,47,158,2388.24,3),(6,195,1085,37,51,671.87,1),(18,195,1084,37,51,2388.24,3),(4,196,636,5,65,599.8,1),(4,197,1086,45,179,599.8,1),(13,197,837,44,60,1949.97,3),(21,197,672,44,60,3891.47,5),(13,197,221,44,60,1927.18,3),(15,197,132,44,60,3799.95,5),(15,198,1298,26,73,2279.97,3),(7,198,830,11,32,2958.89,4),(7,199,1087,5,175,2958.89,4),(10,200,481,48,178,3599.96,4),(6,200,226,48,178,1399.98,2),(10,201,1089,5,37,3599.96,4),(6,201,1088,5,37,1399.98,2),(4,202,979,6,153,2973.87,5),(3,203,230,29,188,966.69,1),(3,204,1090,19,196,966.69,1),(10,205,1447,26,199,1799.98,2),(22,205,1446,26,199,1607.86,3),(2,205,1445,26,199,2729.97,3),(3,205,1421,33,28,966.69,1),(3,206,1520,38,86,966.69,1),(15,206,1199,29,83,3799.95,5),(13,206,1198,29,83,1281.95,2),(13,207,417,1,2,1262.83,2),(18,207,355,1,2,2399.97,3),(7,207,59,23,117,2249.97,3),(7,208,1091,39,129,2249.97,3),(7,208,547,6,153,1454.72,2),(18,208,75,6,153,799.99,1),(15,209,1312,5,105,2279.97,3),(4,209,1092,10,176,2369.55,4),(9,210,516,26,73,4248.95,5),(13,211,982,14,9,1909.07,3),(10,211,5,10,143,899.99,1),(13,212,1094,6,47,1909.07,3),(6,212,835,5,10,2799.96,4),(21,212,715,5,10,1547.51,2),(22,213,841,50,71,2199.96,4),(21,213,703,32,146,1515.97,2),(13,214,341,39,129,1913.76,3),(22,214,328,39,129,1099.98,2),(3,214,20,39,182,991.11,1),(13,215,1097,10,176,1913.76,3),(22,215,1096,10,176,1099.98,2),(13,215,790,44,26,1266.29,2),(4,216,60,44,19,2976.03,5),(9,217,256,22,137,2540.9,3),(9,218,1173,28,115,2549.97,3),(15,218,1172,28,115,3799.95,5),(9,218,1098,10,163,2540.9,3),(15,219,732,48,108,729.81,1),(4,219,248,48,108,1752.69,3),(9,219,127,15,79,2502.52,3),(19,219,44,48,108,3148.24,5),(6,220,927,36,124,669.69,1),(18,220,908,3,7,1599.98,2),(9,220,472,36,124,4241.83,5),(15,220,461,36,124,2247.54,3),(21,220,447,3,7,3891.91,5),(9,220,213,3,7,4249.95,5),(15,221,353,50,71,3799.95,5),(15,221,168,50,71,1486.23,2),(3,222,1528,36,136,1999.98,2),(21,222,951,6,47,3853.36,5),(10,222,730,6,47,2667.72,3),(3,223,356,26,199,999.99,1),(15,223,335,9,132,3799.95,5),(7,223,293,26,199,3724.24,5),(15,224,1099,39,29,3799.95,5),(15,225,1422,48,180,3799.95,5),(4,226,1251,39,167,1763.02,3),(22,226,1250,39,167,2741.41,5),(2,226,842,48,168,3619.66,4),(19,226,268,48,168,1253.05,2),(3,227,443,43,110,3962.86,4),(10,227,302,26,142,869.47,1),(9,227,81,26,142,4202.11,5),(19,228,882,26,55,3102.82,5),(19,228,871,26,55,625.21,1),(3,228,777,26,55,4999.95,5),(19,228,358,28,54,1889.97,3),(22,228,123,48,148,2749.95,5),(10,229,913,5,46,4486.36,5),(21,229,673,5,46,743.45,1),(10,229,671,5,46,1776.15,2),(9,229,416,5,46,846.84,1),(10,230,1103,26,74,4486.36,5),(21,230,1102,26,74,743.45,1),(10,230,1101,26,74,1776.15,2),(9,230,1100,26,74,846.84,1),(13,231,806,5,175,1923.87,3),(19,231,296,48,6,629.99,1),(15,232,1168,5,172,2279.97,3),(10,232,1167,5,172,4453.2,5),(10,232,736,32,146,3599.96,4),(9,232,439,32,146,4220.09,5),(10,233,1106,50,71,3599.96,4),(9,233,1105,50,71,4220.09,5),(13,234,178,44,118,1937.04,3),(22,235,218,10,43,2191.63,4),(22,236,1133,36,124,2723.22,5),(9,236,1132,36,124,1699.98,2),(19,236,1131,36,124,1259.98,2),(18,236,1109,50,71,798.86,1),(9,236,1108,50,71,2549.97,3),(2,237,954,39,182,3639.96,4),(3,237,923,39,29,3974.06,4),(6,237,770,39,29,1399.98,2),(15,237,419,36,120,759.99,1),(4,238,787,5,82,1799.97,3),(18,238,567,5,82,3960.25,5),(21,238,374,39,20,3119.96,4),(15,239,438,41,101,759.99,1),(18,239,14,41,101,784.47,1),(10,240,620,19,138,2699.97,3),(19,241,561,44,1,3137.73,5),(6,241,154,44,1,2799.96,4),(19,242,1111,47,171,3137.73,5),(6,242,1110,47,171,2799.96,4),(13,243,587,33,112,2599.96,4),(21,244,566,26,160,779.99,1),(22,244,56,26,160,1649.97,3),(21,245,1113,5,89,779.99,1),(22,245,1112,5,89,1649.97,3),(6,246,295,44,184,1399.98,2),(9,246,80,26,69,1668.26,2),(3,247,247,14,119,4999.95,5),(9,247,237,14,119,1667.59,2),(3,248,1115,15,177,4999.95,5),(9,248,1114,15,177,1667.59,2),(2,249,950,39,128,2693.16,3),(2,250,1116,26,69,2693.16,3),(6,250,773,34,45,2081.02,3),(2,251,1425,23,117,2693.16,3),(2,252,1426,9,132,3639.96,4),(10,252,1297,36,120,2699.97,3),(9,252,1296,36,120,3399.96,4),(19,253,393,10,27,609.59,1),(19,254,1118,39,29,609.59,1),(19,255,1427,37,145,609.59,1),(10,255,694,5,10,2668.84,3),(9,256,9,36,195,3377.83,4),(13,257,1128,19,16,1299.98,2),(15,257,1127,19,16,3039.1,4),(9,257,1119,26,133,3377.83,4),(6,257,506,44,5,651.66,1),(15,257,297,44,5,2251.51,3),(4,257,125,44,5,1199.98,2),(9,258,1428,33,93,3377.83,4),(9,258,1344,5,36,3399.96,4),(21,258,1343,5,36,1551.97,2),(4,258,907,3,21,2354.17,4),(3,258,876,5,10,2999.97,3),(18,258,712,5,10,3999.95,5),(21,258,408,5,10,1559.98,2),(10,259,514,47,140,3599.96,4),(9,259,512,47,140,4249.95,5),(22,259,33,47,140,2749.95,5),(6,260,1228,29,59,2799.96,4),(22,260,1227,29,59,1631.45,3),(10,260,1122,48,57,3599.96,4),(9,260,1121,48,57,4249.95,5),(22,260,1120,48,57,2749.95,5),(10,261,1527,36,136,2674.46,3),(9,261,1210,47,81,2503.26,3),(18,261,364,10,109,2392.13,3),(6,261,8,10,109,2798.15,4),(10,262,652,43,110,899.99,1),(21,263,756,18,126,3897.33,5),(22,263,622,18,126,1095.87,2),(2,264,382,6,107,1819.98,2),(6,264,255,6,107,1361.7,2),(3,265,86,31,106,999.99,1),(2,266,1458,47,186,3621.84,4),(21,266,530,22,68,3870.54,5),(19,266,333,39,20,629.99,1),(21,266,2,39,20,1539.11,2),(22,267,988,5,100,500.89,1),(9,267,823,5,37,849.99,1),(21,267,679,5,100,1559.98,2),(9,268,1359,44,197,849.99,1),(21,268,891,39,182,3117.87,4),(15,268,518,10,94,2248.96,3),(18,268,35,39,182,3199.96,4),(21,269,1130,5,125,1515.97,2),(21,269,1124,5,192,3117.87,4),(18,269,1123,5,192,3199.96,4),(19,270,972,9,25,629.99,1),(13,270,858,9,25,3249.95,5),(19,270,768,9,25,1889.97,3),(7,270,420,9,25,726.81,1),(7,270,152,10,43,2999.96,4),(10,271,970,39,182,2668.62,3),(10,272,1125,29,59,2668.62,3),(15,273,465,19,84,3759.28,5),(4,274,784,44,19,560.41,1),(13,274,762,44,19,3249.95,5),(10,274,610,44,19,4499.95,5),(3,274,597,44,19,3999.96,4),(2,274,396,44,19,2729.97,3),(6,275,262,22,68,2799.96,4),(22,275,222,22,68,1631.45,3),(13,275,198,11,127,1949.97,3),(13,276,1126,29,38,1949.97,3),(13,276,943,6,107,3213.04,5),(15,276,483,33,112,759.99,1),(6,276,477,33,112,699.99,1),(4,276,325,6,107,2999.95,5),(7,277,1508,5,89,2999.96,4),(13,277,896,18,126,1299.98,2),(19,277,428,44,184,3146.99,5),(15,277,70,18,126,3039.1,4),(21,278,743,11,31,3876.82,5),(15,278,735,10,121,3790.85,5),(21,278,494,11,31,1559.98,2),(18,278,493,11,31,3999.95,5),(7,279,1478,48,148,2972.25,4),(18,279,540,10,27,2399.97,3),(7,279,58,10,27,3709.54,5),(9,280,993,5,49,2549.97,3),(2,281,456,36,58,3592.27,4),(22,281,338,36,58,1646.61,3),(2,282,900,5,36,4549.95,5),(22,282,74,5,36,2749.95,5),(4,283,543,7,155,2399.96,4),(10,283,269,5,105,2674.46,3),(4,284,1129,10,53,2399.96,4),(18,285,407,5,65,1599.98,2),(21,285,384,3,7,3899.95,5),(9,285,72,5,65,849.99,1),(18,286,604,15,177,3199.96,4),(18,287,602,33,96,3980.22,5),(2,288,209,10,22,2729.97,3),(22,289,892,47,140,2723.22,5),(9,289,240,47,140,1699.98,2),(19,289,6,47,140,1259.98,2),(22,290,1431,34,45,2723.22,5),(9,290,1430,34,45,1699.98,2),(19,290,1429,34,45,1259.98,2),(18,290,87,29,59,2386.46,3),(9,291,192,44,134,1699.98,2),(9,292,1134,48,108,1699.98,2),(9,293,1432,19,39,1699.98,2),(22,294,292,5,175,1095.7,2),(15,294,220,33,114,759.99,1),(21,295,832,5,141,2339.97,3),(9,296,794,14,90,849.99,1),(18,297,674,44,24,767.3,1),(13,298,1284,37,51,1927.24,3),(15,298,1283,37,51,3794.5,5),(22,298,822,10,27,1607.77,3),(22,298,361,10,27,549.99,1),(19,299,180,33,50,1842.93,3),(19,300,758,3,7,3149.95,5),(9,300,249,3,7,1656.29,2),(18,301,654,5,17,2399.97,3),(2,301,145,22,68,3639.96,4),(9,302,948,44,189,4232.88,5),(6,302,904,47,111,685.99,1),(21,302,851,47,111,2337.46,3),(21,302,833,44,189,3119.96,4),(3,302,84,47,111,3964.8,4),(7,303,1437,18,126,2234.4,3),(15,303,1347,44,118,1501.75,2),(10,303,1346,44,118,1799.98,2),(18,303,781,28,54,3984.79,5),(6,304,391,44,11,3499.95,5),(3,304,238,5,36,2991.55,3),(3,305,613,18,149,1999.98,2),(10,306,1136,5,10,2677.38,3),(13,307,1138,44,184,1262.83,2),(18,307,1137,44,184,2399.97,3),(2,308,855,6,102,4504.92,5),(7,308,78,6,102,1499.98,2),(13,308,21,6,102,649.99,1),(2,309,555,47,171,2729.97,3),(9,309,531,47,171,849.99,1),(2,310,1140,5,17,2729.97,3),(9,310,1139,5,17,849.99,1),(13,311,906,26,69,1949.97,3),(13,312,1141,37,51,1949.97,3),(4,313,910,33,50,599.99,1),(10,313,591,33,50,899.99,1),(6,314,1142,7,155,2799.96,4),(7,315,1143,29,83,749.99,1),(9,316,549,37,145,1692.9,2),(7,316,386,37,145,3749.95,5),(9,317,1145,18,75,1692.9,2),(7,317,1144,18,75,3749.95,5),(9,318,1436,18,149,1692.9,2),(7,318,1435,18,149,3749.95,5),(4,319,1147,29,3,2399.96,4),(7,319,1146,29,3,3724.25,5),(22,320,67,19,88,2749.95,5),(4,321,1481,33,194,1199.98,2),(19,321,278,5,191,1243.16,2),(13,321,165,5,191,1299.98,2),(18,322,865,44,184,3199.96,4),(15,322,601,44,184,748,1),(3,322,163,44,184,1999.98,2),(7,323,793,44,1,2234.4,3),(19,324,246,5,192,608.31,1),(9,325,422,15,79,827.78,1),(21,326,819,44,64,1559.98,2),(21,327,1149,33,114,1559.98,2),(18,328,496,36,124,799.99,1),(19,329,524,44,8,1259.98,2),(15,330,1363,44,184,3039.96,4),(7,330,1362,44,184,2998.67,4),(3,330,707,32,150,4986.37,5),(19,330,427,1,78,2480.69,4),(18,331,905,28,115,1577.48,2),(22,331,91,28,115,549.99,1),(4,332,1195,7,155,585,1),(18,332,1151,10,43,1577.48,2),(22,332,1150,10,43,549.99,1),(18,332,469,30,77,3196.52,4),(13,332,49,30,77,1919.45,3),(18,333,1439,10,53,1577.48,2),(22,333,1438,10,53,549.99,1),(18,333,1242,5,82,3999.95,5),(21,333,603,32,150,779.99,1),(22,333,433,32,150,2723.2,5),(10,333,283,32,150,899.99,1),(4,333,175,32,150,2999.95,5),(21,334,981,33,112,779.99,1),(22,334,387,33,112,2749.95,5),(13,334,281,33,112,608.23,1),(4,335,1153,19,198,2381.45,4),(3,335,1152,19,198,983.83,1),(22,336,1162,1,116,1099.98,2),(10,336,1161,1,116,870.75,1),(7,336,1160,1,116,3717.44,5),(7,336,866,34,67,2201.63,3),(10,336,224,34,67,3599.96,4),(15,337,1154,33,33,759.99,1),(6,338,840,19,138,2067.74,3),(10,338,330,19,138,899.99,1),(15,339,288,10,98,2279.97,3),(21,340,1156,29,83,1518.07,2),(3,340,1155,29,83,3999.96,4),(22,340,902,6,156,2195.05,4),(15,340,898,5,89,3039.96,4),(22,340,884,5,89,1649.97,3),(13,340,450,5,89,610.64,1),(7,340,400,5,89,1490.69,2),(4,340,312,5,89,1199.98,2),(21,340,113,6,156,3896.43,5),(3,341,1159,11,127,2999.97,3),(18,341,1158,11,127,3999.95,5),(21,341,1157,11,127,1559.98,2),(22,341,821,33,114,1603.26,3),(3,342,1444,14,9,2999.97,3),(18,342,1443,14,9,3999.95,5),(21,342,1442,14,9,1559.98,2),(3,343,1523,10,94,2999.97,3),(18,343,1522,10,94,3999.95,5),(21,343,1521,10,94,1559.98,2),(19,343,976,36,120,629.94,1),(19,343,380,36,120,2519.96,4),(22,343,291,36,120,1099.98,2),(21,343,105,36,120,1510.26,2),(2,344,464,44,64,3639.96,4),(4,344,327,33,164,2399.96,4),(22,345,828,33,28,1099.98,2),(10,345,639,33,28,870.75,1),(7,345,459,33,28,3717.44,5),(22,346,868,39,52,2199.96,4),(10,346,631,39,52,1799.98,2),(3,346,267,39,52,3990.31,4),(9,346,214,45,179,2549.97,3),(19,347,1163,38,86,3146.99,5),(4,347,741,47,140,2399.96,4),(2,348,1246,44,134,3639.96,4),(10,348,511,5,192,1799.98,2),(22,348,266,5,192,1607.86,3),(2,348,141,5,192,2729.97,3),(10,349,1166,38,123,1799.98,2),(22,349,1165,38,123,1607.86,3),(2,349,1164,38,123,2729.97,3),(10,350,1526,5,46,1799.98,2),(22,350,1525,5,46,1607.86,3),(2,350,1524,5,46,2729.97,3),(10,350,789,33,152,4499.7,5),(22,350,728,33,152,2199.96,4),(10,351,1555,39,129,1799.98,2),(22,351,1554,39,129,1607.86,3),(2,351,1553,39,129,2729.97,3),(15,352,921,39,129,2279.97,3),(10,352,92,39,129,4453.2,5),(13,353,1169,9,183,1923.87,3),(13,354,365,39,182,3249.95,5),(4,354,245,39,182,1799.97,3),(4,355,998,22,137,2999.95,5),(10,356,308,9,135,899.99,1),(19,357,827,25,166,1228.84,2),(18,357,643,25,166,1559.64,2),(22,357,421,25,166,1099.98,2),(4,357,300,25,166,1199.98,2),(3,357,71,25,166,4999.95,5),(13,358,677,36,136,2598.58,4),(7,358,473,9,132,2249.97,3),(7,358,373,36,136,2968.01,4),(22,358,211,36,136,2167.32,4),(7,359,1170,21,92,2249.97,3),(7,360,1448,36,136,2249.97,3),(6,360,1278,44,8,675.57,1),(18,360,1277,44,8,3999.95,5),(21,360,1276,44,8,3119.96,4),(9,361,495,19,84,4221.44,5),(6,361,402,43,110,691.22,1),(2,361,10,3,130,4549.95,5),(13,362,848,23,190,3239.18,5),(19,362,186,23,190,1889.97,3),(6,363,839,47,111,1399.98,2),(3,363,718,6,153,999.99,1),(15,363,713,6,153,3769.37,5),(4,363,193,5,17,1199.98,2),(15,364,989,6,47,3799.95,5),(10,365,1342,25,173,2699.97,3),(9,365,1341,25,173,849.99,1),(15,365,1171,26,160,3799.95,5),(6,365,632,5,36,692.95,1),(3,365,545,45,179,1999.98,2),(13,366,257,48,178,1299.98,2),(3,367,640,14,90,980.91,1),(2,367,423,14,90,871.99,1),(10,367,379,14,90,3599.96,4),(18,367,170,14,90,1578.91,2),(3,368,1179,45,179,1999.98,2),(13,368,638,44,64,1285.91,2),(10,369,1175,10,163,2674.46,3),(13,369,824,32,150,636.1,1),(10,370,1449,44,30,2674.46,3),(3,370,576,10,98,3961.69,4),(7,371,130,19,198,3739.09,5),(7,372,1176,36,124,3739.09,5),(7,373,1450,25,173,3739.09,5),(22,373,1336,43,110,533.45,1),(15,373,1335,43,110,2258.79,3),(2,373,1334,43,110,2701.42,3),(15,374,705,6,47,3039.96,4),(6,374,475,6,47,3496.66,5),(15,375,1178,29,38,3039.96,4),(6,375,1177,29,38,3496.66,5),(22,375,782,6,156,2199.96,4),(3,376,1451,33,194,1999.98,2),(4,377,366,36,48,1153.19,2),(19,377,167,36,48,1259.98,2),(2,378,1180,10,143,1792.2,2),(2,378,608,47,157,2729.97,3),(22,378,578,47,157,2180.22,4),(22,379,1480,26,34,1603.26,3),(4,379,999,44,197,2399.96,4),(22,379,911,44,197,1614.34,3),(7,380,987,48,178,1488.79,2),(2,380,160,44,197,4549.95,5),(7,381,1182,5,82,1488.79,2),(15,382,698,44,165,3799.95,5),(13,382,317,44,165,1281.95,2),(19,382,298,12,99,3105.21,5),(7,383,1556,10,98,2972.25,4),(7,383,1183,10,121,1499.98,2),(19,384,934,44,26,1259.98,2),(10,384,463,1,2,2699.97,3),(9,384,162,1,2,849.99,1),(3,385,147,33,93,4999.95,5),(4,386,978,22,68,1799.97,3),(21,386,605,22,68,3899.95,5),(2,387,849,44,165,1819.17,2),(7,388,925,29,83,707.61,1),(22,388,582,29,83,2749.95,5),(22,389,1225,29,83,1606.01,3),(13,389,872,44,1,2569.23,4),(6,389,532,39,129,675.57,1),(18,389,239,39,129,3999.95,5),(22,389,62,44,1,2712.96,5),(21,389,7,39,129,3119.96,4),(13,390,1185,43,110,2569.23,4),(22,390,1184,43,110,2712.96,5),(13,391,852,5,49,2599.96,4),(19,391,798,10,131,1259.98,2),(10,391,541,10,27,1799.98,2),(10,392,818,48,57,1799.98,2),(6,392,621,48,57,1352.27,2),(15,392,405,39,20,3039.96,4),(2,393,614,33,61,909.99,1),(22,393,430,32,146,2198.52,4),(22,394,984,22,68,1093.81,2),(13,395,394,5,82,3249.95,5),(4,395,117,5,82,1799.97,3),(10,396,589,24,62,1799.98,2),(9,396,119,24,62,1699.98,2),(15,397,1348,44,35,2279.97,3),(18,397,714,33,28,2356.25,3),(3,397,583,33,28,1963.83,2),(9,398,1379,10,80,4212.62,5),(2,398,1378,10,80,909.99,1),(3,398,1377,10,80,967.7,1),(18,398,1187,33,112,2356.25,3),(3,398,1186,33,112,1963.83,2),(19,398,627,29,38,3131.58,5),(18,399,1453,48,148,2356.25,3),(3,399,1452,48,148,1963.83,2),(18,400,206,18,75,2399.97,3),(22,401,901,26,199,2199.96,4),(21,402,1354,5,37,2339.97,3),(15,402,1353,5,37,3799.95,5),(2,402,693,33,61,4501.91,5),(21,403,208,10,176,3119.96,4),(2,403,187,36,124,888.33,1),(6,403,68,36,124,3499.95,5),(4,404,497,44,24,2999.95,5),(7,404,185,44,24,1450.25,2),(9,404,115,44,24,849.99,1),(4,405,867,36,195,1178.63,2),(18,405,799,36,195,2399.97,3),(4,405,725,36,195,2957.3,5),(13,405,648,36,195,3220.13,5),(21,405,558,36,195,3119.96,4),(10,405,415,26,87,2699.97,3),(6,405,413,26,87,2099.97,3),(22,405,404,26,87,2726.39,5),(7,405,181,26,87,3749.95,5),(15,406,897,26,73,3799.95,5),(10,406,526,26,73,2699.97,3),(4,406,401,32,146,1782.03,3),(3,406,172,32,146,975.95,1),(18,406,1,32,146,3193.78,4),(7,407,412,44,189,2987.4,4),(6,408,726,15,200,2099.97,3),(6,408,424,15,200,1362.3,2),(10,409,1190,26,69,4499.7,5),(22,409,1189,26,69,2199.96,4),(2,409,853,5,172,1819.98,2),(10,410,1455,25,173,4499.7,5),(22,410,1454,25,173,2199.96,4),(21,411,1373,19,198,767.57,1),(13,411,1372,19,198,1261.35,2),(13,411,1371,19,198,649.99,1),(7,411,47,5,36,3719.83,5),(22,412,990,48,57,2726.12,5),(21,412,231,44,8,1538.01,2),(21,413,1384,17,66,2294.85,3),(7,413,879,44,24,749.99,1),(15,413,623,44,24,3039.96,4),(7,414,1192,1,2,749.99,1),(15,414,1191,1,2,3039.96,4),(15,414,188,9,183,2998.02,4),(3,415,695,48,168,1999.98,2),(22,416,804,12,99,533.45,1),(15,416,764,12,99,2258.79,3),(2,416,760,12,99,2701.42,3),(4,416,740,44,165,1799.97,3),(4,416,242,44,165,599.99,1),(19,417,1223,3,7,3149.51,5),(4,417,1194,26,104,1799.97,3),(4,417,1193,26,104,599.99,1),(21,418,878,34,45,2294.85,3),(4,418,670,31,106,585,1),(7,418,615,36,136,749.99,1),(19,418,184,36,136,1865.36,3),(4,419,121,44,44,599.99,1),(22,420,1196,15,200,504.66,1),(15,420,195,44,11,3039.96,4),(9,421,499,5,70,2521.08,3),(10,422,1543,44,165,2699.97,3),(9,422,1542,44,165,849.99,1),(9,422,336,47,158,4249.95,5),(9,423,938,26,160,3356.21,4),(21,423,928,26,160,2339.97,3),(13,423,669,26,160,649.99,1),(4,423,504,26,160,2399.96,4),(9,423,148,14,9,849.99,1),(9,424,1197,47,157,849.99,1),(4,425,41,10,121,2399.96,4),(2,425,29,10,121,2729.97,3),(22,426,509,39,20,2749.95,5),(9,427,765,26,34,1699.98,2),(6,428,960,44,118,1399.98,2),(4,428,126,44,118,2999.95,5),(7,429,492,26,199,2218.87,3),(3,430,1200,5,192,1999.98,2),(4,431,45,42,72,2990.76,5),(18,432,719,5,105,3999.95,5),(19,432,646,44,197,3121.8,5),(22,432,544,44,144,2749.95,5),(2,432,381,44,197,2687.46,3),(15,432,210,44,197,1480.87,2),(3,432,77,5,105,2995.47,3),(22,433,1201,23,190,2749.95,5),(18,434,944,10,109,3199.96,4),(6,435,1560,37,145,3499.95,5),(18,435,1202,9,25,3199.96,4),(3,436,1203,47,157,4986.37,5),(3,437,1457,12,161,4986.37,5),(3,438,1529,36,48,4986.37,5),(4,438,1499,47,140,1799.97,3),(13,438,1498,47,140,617.45,1),(9,438,1497,47,140,2514.38,3),(3,439,657,3,21,1999.98,2),(22,439,252,3,21,549.99,1),(9,440,650,47,157,849.99,1),(9,440,546,5,191,2549.97,3),(3,440,142,5,191,4977.49,5),(9,441,1205,44,197,2549.97,3),(3,441,1204,44,197,4977.49,5),(2,442,1486,19,16,2729.97,3),(6,442,1485,19,16,2799.96,4),(18,442,1484,19,16,2372.45,3),(15,442,625,22,68,1484.9,2),(15,442,103,5,37,3799.95,5),(4,443,432,44,95,2388.32,4),(3,444,197,48,178,1969.93,2),(7,445,253,10,143,2952.16,4),(2,445,34,10,143,3639.96,4),(2,446,668,39,182,3621.84,4),(2,447,1206,5,89,3621.84,4),(19,448,685,36,124,1227.95,2),(4,448,139,34,18,599.99,1),(10,449,329,18,75,2693.39,3),(6,450,722,14,119,1399.98,2),(13,450,633,14,119,2599.96,4),(6,451,1208,44,118,1399.98,2),(13,451,1207,44,118,2599.96,4),(22,452,1209,6,47,2199.96,4),(22,452,678,32,146,1099.98,2),(13,452,136,32,146,3212.95,5),(22,453,1461,31,106,2199.96,4),(19,453,392,29,38,2512.14,4),(22,454,440,12,161,509.99,1),(9,455,232,15,79,2503.26,3),(6,455,205,47,111,2799.96,4),(9,456,1462,5,36,2503.26,3),(15,456,676,39,20,1501.75,2),(10,456,243,39,20,1799.98,2),(13,457,1211,34,18,2599.96,4),(13,458,1463,33,28,2599.96,4),(13,459,1532,33,112,2599.96,4),(3,459,1256,22,68,3999.96,4),(18,460,893,15,177,1599.98,2),(7,460,600,15,177,1460.15,2),(4,460,322,33,28,1799.97,3),(15,461,250,9,135,3799.95,5),(10,462,1321,39,29,1799.98,2),(6,462,1320,39,29,1352.27,2),(18,462,488,17,66,756.03,1),(19,462,466,17,66,1237.88,2),(4,463,752,44,1,1190.24,2),(4,463,367,5,175,2399.96,4),(9,464,763,29,3,2503.46,3),(10,465,1214,36,120,4499.95,5),(22,465,1213,36,120,1649.97,3),(3,465,1212,36,120,1960.68,2),(15,466,792,26,142,1508.1,2),(13,467,659,49,42,649.99,1),(21,468,930,43,110,779.99,1),(19,468,776,43,110,2509.02,4),(13,469,634,28,115,1299.54,2),(19,470,723,44,30,2511.27,4),(19,470,352,22,137,629.99,1),(7,471,689,14,90,2999.96,4),(19,471,280,14,90,628.76,1),(7,472,1220,24,154,2999.96,4),(19,472,1219,24,154,628.76,1),(7,473,738,6,193,2973.98,4),(15,473,337,6,193,2261.22,3),(19,474,471,7,91,629.99,1),(3,474,279,5,65,3999.96,4),(3,475,1221,44,118,3999.96,4),(22,475,977,7,159,1649.97,3),(15,476,825,18,75,3024.08,4),(22,477,191,47,158,538.95,1),(3,478,539,10,94,1981.27,2),(7,478,204,10,53,3749.95,5),(19,479,199,44,139,3149.51,5),(22,480,491,25,166,1610.24,3),(22,481,1464,11,32,1610.24,3),(13,481,1273,26,69,636.1,1),(2,482,429,33,33,898.79,1),(3,482,406,33,33,1978.7,2),(13,482,371,33,33,2599.96,4),(10,483,236,26,74,4480.01,5),(4,483,106,26,74,1799.97,3),(13,484,958,1,78,1922.05,3),(7,484,919,48,178,2999.96,4),(21,484,215,1,78,3083.08,4),(15,485,1491,1,2,3039.96,4),(22,485,1490,1,2,1649.97,3),(13,485,1489,1,2,610.64,1),(7,485,1488,1,2,1490.69,2),(4,485,1487,1,2,1199.98,2),(22,485,874,26,133,1606.01,3),(9,486,834,24,23,809.13,1),(9,487,1226,36,113,809.13,1),(10,488,754,5,36,2679.61,3),(19,488,536,5,36,2519.96,4),(7,489,598,10,181,1468.45,2),(7,489,244,10,181,3749.95,5),(7,490,1230,41,101,1468.45,2),(7,490,1229,41,101,3749.95,5),(18,491,1249,36,120,2395.58,3),(6,491,1248,36,120,699.99,1),(22,491,1232,49,42,1099.98,2),(13,491,1231,49,42,3212.95,5),(22,492,1468,44,118,1099.98,2),(13,492,1467,44,118,3212.95,5),(13,493,701,42,72,2599.96,4),(4,493,525,42,72,599.99,1),(13,493,479,42,72,2565.16,4),(22,494,609,36,124,2749.95,5),(6,495,309,44,14,699.99,1),(7,495,251,6,153,708.07,1),(18,495,207,44,14,796.63,1),(7,495,157,44,14,749.99,1),(15,496,691,37,145,2279.97,3),(4,496,332,5,49,1199.98,2),(22,496,307,5,49,1099.98,2),(22,497,895,14,119,2749.95,5),(22,498,1233,33,114,2749.95,5),(19,499,1234,5,191,2519.96,4),(2,499,503,5,82,882.44,1),(21,500,996,1,116,763.25,1),(13,500,939,33,152,3215.97,5),(2,500,729,33,152,4535.26,5),(10,500,143,33,152,4499.95,5),(6,501,745,5,10,1389.76,2),(4,501,323,10,53,2399.96,4),(6,501,128,5,10,2066.53,3),(18,502,1236,44,189,1599.98,2),(9,502,1235,44,189,849.99,1),(13,503,202,17,66,1949.97,3),(21,504,1245,11,31,3119.96,4),(21,504,1244,11,31,769.36,1),(13,504,1237,10,94,1949.97,3),(3,505,528,3,130,3999.96,4),(4,505,346,1,2,1199.98,2),(13,506,933,9,170,1299.98,2),(7,506,349,9,170,3749.95,5),(18,506,223,44,5,3199.96,4),(6,507,1239,21,97,650.85,1),(2,507,1238,21,97,4549.95,5),(13,508,937,45,179,1299.98,2),(18,509,986,44,60,1572.54,2),(4,510,286,10,53,1765.15,3),(4,511,1240,5,100,1765.15,3),(13,512,593,18,75,1299.98,2),(7,513,964,41,101,1499.98,2),(7,514,1241,44,134,1499.98,2),(7,515,660,44,165,749.99,1),(7,515,375,44,165,1483.98,2),(2,516,665,34,18,1780.48,2),(18,516,284,5,175,3999.95,5),(18,517,1469,10,181,3999.95,5),(2,518,590,47,171,2721.64,3),(2,519,1243,8,76,2721.64,3),(6,520,596,47,158,1376.36,2),(7,520,254,47,158,3749.95,5),(21,521,684,5,172,2339.97,3),(21,521,390,1,78,3119.96,4),(15,521,303,5,172,3799.95,5),(21,521,38,1,78,769.36,1),(21,522,1471,10,163,3119.96,4),(21,522,1470,10,163,769.36,1),(2,523,1472,5,89,3639.96,4),(13,524,314,36,58,3249.95,5),(13,525,1247,24,62,3249.95,5),(22,526,846,33,50,1054.68,2),(22,526,766,33,50,2725.88,5),(22,526,617,33,50,2749.95,5),(21,526,457,49,42,2302.24,3),(18,527,663,44,147,2395.58,3),(6,527,16,44,147,699.99,1),(4,528,779,33,33,2999.95,5),(15,528,258,33,33,1514.34,2),(3,529,864,39,29,3999.96,4),(19,529,775,39,29,587.66,1),(18,529,196,39,29,2392.1,3),(4,530,983,33,33,1763.02,3),(22,530,550,33,33,2741.41,5),(22,531,372,44,118,1649.97,3),(9,531,156,44,118,2525.22,3),(22,532,1253,10,22,1649.97,3),(9,532,1252,10,22,2525.22,3),(22,533,1475,10,143,1649.97,3),(9,533,1474,10,143,2525.22,3),(21,534,1294,48,168,3870.54,5),(4,534,854,39,182,1784.09,3),(7,535,753,6,47,3749.95,5),(7,536,1254,11,127,3749.95,5),(3,537,101,47,41,2999.97,3),(3,538,1255,10,109,2999.97,3),(3,539,474,10,181,3999.96,4),(10,540,965,44,26,4499.95,5),(9,541,1483,32,146,2549.97,3),(10,541,1257,10,143,4499.95,5),(10,542,1533,47,140,4499.95,5),(19,543,542,47,140,629.99,1),(19,544,624,23,117,1886.03,3),(7,545,940,33,28,3748.19,5),(6,546,1333,10,131,699.99,1),(18,546,1332,10,131,796.63,1),(7,546,1331,10,131,749.99,1),(7,546,966,48,57,2972.25,4),(9,546,572,6,187,3399.96,4),(7,547,1258,24,154,2972.25,4),(7,548,1534,1,116,2972.25,4),(7,549,1563,45,179,2972.25,4),(3,550,749,5,192,2999.97,3),(6,550,219,5,192,663.32,1),(9,551,306,5,36,3377.85,4),(9,552,1259,6,102,3377.85,4),(19,553,563,5,10,1259.98,2),(2,554,454,44,60,882.38,1),(2,555,1260,10,22,882.38,1),(13,556,863,6,102,3249.95,5),(13,556,686,6,102,643.93,1),(6,556,272,6,102,1399.98,2),(22,557,971,41,101,1099.98,2),(21,557,592,10,109,1522.96,2),(22,558,1261,6,13,1603.26,3),(22,559,1535,44,184,1603.26,3),(22,560,321,5,82,535.43,1),(3,560,95,44,24,1999.98,2),(7,561,553,9,132,3749.95,5),(15,561,304,44,11,1519.3,2),(19,561,46,18,149,2519.96,4),(18,562,949,8,76,3180.56,4),(19,562,227,8,76,2519.96,4),(15,562,15,10,109,1519.98,2),(2,563,1268,11,32,2729.97,3),(22,563,1267,11,32,2180.22,4),(3,563,319,6,102,2987.49,3),(15,564,1269,5,10,759.99,1),(21,565,289,19,84,2339.97,3),(6,566,931,45,179,3482.22,5),(2,566,929,45,179,2729.97,3),(6,567,1272,26,74,3482.22,5),(2,567,1271,26,74,2729.97,3),(15,568,273,30,77,2277.72,3),(4,569,829,36,124,2999.95,5),(6,570,1274,19,88,692.95,1),(2,571,1275,26,142,909.99,1),(10,572,817,26,34,4460.67,5),(9,572,274,26,34,2529.06,3),(4,573,22,21,97,1199.98,2),(21,574,1280,26,87,2302.24,3),(21,575,1482,21,92,2302.24,3),(21,576,1537,5,122,2302.24,3),(9,577,345,26,142,2549.97,3),(9,578,1281,26,55,2549.97,3),(22,579,1282,6,187,2749.95,5),(13,580,653,5,70,1927.24,3),(15,580,574,5,70,3794.5,5),(10,581,1287,36,48,1759.13,2),(18,581,1286,36,48,3174.59,4),(7,581,1285,36,48,2999.96,4),(9,582,116,38,86,842.45,1),(15,583,994,44,189,715.53,1),(21,583,785,44,189,3880.08,5),(21,583,326,44,189,3099.81,4),(3,584,1289,5,17,2999.97,3),(2,585,616,43,110,2729.97,3),(6,585,564,43,110,2799.96,4),(18,585,26,43,110,2372.45,3),(9,586,1311,26,87,1699.98,2),(2,586,1292,44,64,2729.97,3),(6,586,1291,44,64,2799.96,4),(18,586,1290,44,64,2372.45,3),(2,587,1540,5,175,2729.97,3),(6,587,1539,5,175,2799.96,4),(18,587,1538,5,175,2372.45,3),(19,587,1319,19,88,2506.86,4),(2,588,1559,15,79,2729.97,3),(6,588,1558,15,79,2799.96,4),(18,588,1557,15,79,2372.45,3),(2,589,1566,10,22,2729.97,3),(6,589,1565,10,22,2799.96,4),(18,589,1564,10,22,2372.45,3),(2,590,265,5,192,2729.97,3),(6,591,1293,29,188,1399.98,2),(13,592,389,37,51,1252.21,2),(6,593,562,45,179,2099.97,3),(6,594,1295,33,194,2099.97,3),(10,595,922,6,153,2699.97,3),(9,595,751,6,153,3399.96,4),(18,596,166,33,96,1599.98,2),(22,597,403,34,67,549.99,1),(3,597,203,34,67,1995.23,2),(9,597,19,34,67,2527.92,3),(10,598,889,39,129,899.99,1),(9,598,467,39,129,1699.98,2),(6,599,452,24,62,1351,2),(9,600,947,47,140,2549.97,3),(9,600,487,47,140,2511.97,3),(15,601,1304,45,179,3039.96,4),(22,601,1303,45,179,1649.97,3),(13,601,1302,45,179,610.64,1),(7,601,1301,45,179,1490.69,2),(4,601,1300,45,179,1199.98,2),(6,601,655,29,83,696.34,1),(21,602,1495,10,40,779.99,1),(22,602,1494,10,40,2723.2,5),(10,602,1493,10,40,899.99,1),(4,602,1492,10,40,2999.95,5),(2,603,1309,5,36,4549.95,5),(18,604,190,34,45,3199.96,4),(22,605,843,5,172,1099.98,2),(22,606,1310,5,65,1099.98,2),(9,607,522,15,103,2547.38,3),(9,608,1496,48,108,1699.98,2),(3,609,260,33,114,999.99,1),(13,610,885,5,100,1926.27,3),(10,611,54,29,3,3599.96,4),(3,612,1314,50,71,999.99,1),(15,612,1313,50,71,3769.37,5),(18,613,844,50,71,3180.61,4),(6,613,339,50,71,1384.04,2),(22,614,812,5,100,2749.95,5),(6,614,513,5,100,2099.97,3),(9,615,696,47,186,1699.98,2),(6,615,388,47,186,699.99,1),(10,615,129,47,186,1775.27,2),(21,616,51,36,12,1559.98,2),(19,617,761,26,73,1860.44,3),(19,617,586,26,73,3149.95,5),(10,618,1505,33,194,2699.97,3),(9,618,1504,33,194,849.99,1),(21,618,294,50,71,3899.95,5),(13,618,161,50,71,1299.98,2),(21,619,1316,33,112,3899.95,5),(13,619,1315,33,112,1299.98,2),(9,620,759,44,1,4249.95,5),(6,620,140,44,1,697.47,1),(9,621,1318,48,57,4249.95,5),(6,621,1317,48,57,697.47,1),(22,622,991,19,84,2736.06,5),(18,622,65,19,84,1599.98,2),(6,623,1369,21,85,3499.95,5),(4,623,826,6,156,1799.97,3),(13,623,500,6,156,617.45,1),(9,623,177,5,175,835.79,1),(19,623,150,10,53,2506.86,4),(9,623,39,6,156,2514.38,3),(21,624,212,10,143,3119.96,4),(18,625,838,5,105,2399.97,3),(7,625,455,5,105,749.99,1),(19,626,1322,33,50,629.99,1),(4,627,1325,17,66,1799.97,3),(13,627,1324,17,66,617.45,1),(9,627,1323,17,66,2514.38,3),(18,628,480,18,126,3177.63,4),(6,629,635,26,74,3458.1,5),(22,630,680,22,68,2749.95,5),(15,630,411,1,78,2261.72,3),(15,631,1328,44,26,2261.72,3),(15,632,1500,21,97,2261.72,3),(15,633,1541,8,76,2261.72,3),(3,634,675,36,124,956.61,1),(6,634,651,41,101,2799.96,4),(18,634,25,41,101,3172.53,4),(6,635,1330,32,146,684.73,1),(6,636,1503,26,73,699.99,1),(18,636,1502,26,73,796.63,1),(7,636,1501,26,73,749.99,1),(19,637,1340,29,83,629.94,1),(19,637,1339,29,83,2519.96,4),(22,637,1338,29,83,1099.98,2),(21,637,1337,29,83,1510.26,2),(4,638,551,10,143,1799.97,3),(3,638,383,10,143,979.38,1),(9,639,569,18,75,3399.96,4),(21,639,552,18,75,1551.97,2),(2,640,1345,38,123,1780.48,2),(4,641,159,19,16,2365.45,4),(4,642,1349,5,141,2365.45,4),(13,643,1352,44,134,2598.58,4),(7,643,1351,44,134,2968.01,4),(22,643,1350,44,134,2167.32,4),(2,644,861,44,185,4537.36,5),(2,645,1355,48,57,4537.36,5),(13,646,664,37,145,2599.96,4),(13,647,1356,50,71,2599.96,4),(7,648,1358,1,78,1454.72,2),(18,648,1357,1,78,799.99,1),(2,649,146,7,159,3639.96,4),(7,650,485,50,71,2995.59,4),(22,650,234,50,71,549.99,1),(21,651,37,45,179,3119.96,4),(2,652,880,24,23,4549.95,5),(4,652,771,24,23,2399.96,4),(6,652,642,24,23,2099.97,3),(9,653,967,3,130,1699.98,2),(18,653,73,3,130,2364.02,3),(9,654,774,30,77,3399.96,4),(13,654,533,30,77,3249.95,5),(9,655,1361,34,18,3399.96,4),(13,655,1360,34,18,3249.95,5),(9,656,1507,17,66,3399.96,4),(13,656,1506,17,66,3249.95,5),(15,657,658,5,122,3039.96,4),(7,657,612,5,122,2998.67,4),(3,658,869,3,7,1999.98,2),(10,658,112,3,7,899.99,1),(10,659,997,6,102,1799.98,2),(7,660,1366,19,16,2999.96,4),(18,661,699,50,71,2399.97,3),(10,661,521,50,71,2670.47,3),(6,661,174,50,71,2778.44,4),(22,662,369,6,102,2749.95,5),(22,663,1368,5,125,2749.95,5),(6,664,395,39,182,3499.95,5),(6,665,1509,36,48,3499.95,5),(6,666,1567,23,117,3499.95,5),(4,667,862,44,19,2358,4),(4,668,1370,26,199,2358,4),(4,669,1510,36,195,2358,4),(7,670,261,37,51,2248.9,3),(9,670,32,37,51,817.62,1),(21,671,778,36,58,767.57,1),(13,671,767,36,58,1261.35,2),(13,671,133,36,58,649.99,1),(6,672,275,44,139,1397.99,2),(6,673,1374,36,12,1397.99,2),(19,674,1376,21,97,1259.98,2),(4,674,1375,21,97,599.99,1),(9,675,342,10,27,4212.62,5),(2,675,111,10,27,909.99,1),(3,675,53,10,27,967.7,1),(21,676,486,33,114,2339.97,3),(2,676,64,33,114,4546.3,5),(10,677,607,19,198,1799.98,2),(19,677,510,19,198,1889.97,3),(4,678,980,10,40,2982.35,5),(19,678,969,10,40,2486.01,4),(4,679,1381,12,99,2982.35,5),(19,679,1380,12,99,2486.01,4),(9,680,739,26,74,3399.96,4),(9,680,468,26,74,830.71,1),(9,681,1383,5,37,3399.96,4),(9,681,1382,5,37,830.71,1),(15,682,935,18,149,3787.84,5),(3,682,788,18,149,1999.98,2),(13,682,490,18,149,649.99,1),(22,682,264,18,149,1638.52,3),(6,682,233,18,149,652.67,1),(6,682,182,18,149,1399.98,2),(2,683,89,29,188,3591.66,4),(9,684,538,6,13,2532.11,3),(7,685,350,5,122,1499.98,2),(3,686,79,37,145,2999.97,3),(18,687,1001,26,87,647.99,1),(21,687,1000,26,87,740.99,1),(20,688,1582,26,87,633.74,1),(19,688,1581,26,87,469.34,1),(7,688,1580,26,87,1199.98,2),(10,688,1579,26,87,796.49,1),(5,688,1578,5,205,1205.98,2),(8,688,1577,5,205,789.99,1),(3,688,1576,5,205,3999.96,4),(1,688,1575,5,205,1739.98,2);
/*!40000 ALTER TABLE `Sales` ENABLE KEYS */;
UNLOCK TABLES;

--
-- Dumping events for database 'terrabikes_bi'
--

--
-- Dumping routines for database 'terrabikes_bi'
--
/*!50003 DROP FUNCTION IF EXISTS `refresh_dwh` */;
/*!50003 SET @saved_cs_client      = @@character_set_client */ ;
/*!50003 SET @saved_cs_results     = @@character_set_results */ ;
/*!50003 SET @saved_col_connection = @@collation_connection */ ;
/*!50003 SET character_set_client  = utf8mb4 */ ;
/*!50003 SET character_set_results = utf8mb4 */ ;
/*!50003 SET collation_connection  = utf8mb4_0900_ai_ci */ ;
/*!50003 SET @saved_sql_mode       = @@sql_mode */ ;
/*!50003 SET sql_mode              = 'ONLY_FULL_GROUP_BY,STRICT_TRANS_TABLES,NO_ZERO_IN_DATE,NO_ZERO_DATE,ERROR_FOR_DIVISION_BY_ZERO,NO_ENGINE_SUBSTITUTION' */ ;
DELIMITER ;;
CREATE DEFINER=`root`@`localhost` FUNCTION `refresh_dwh`() RETURNS varchar(20) CHARSET utf8mb4
    DETERMINISTIC
BEGIN

	-- Load Products Table
	INSERT INTO Product(
	  Product_Key, Product_ID, Price, discount_percent, 
	  Model_Year, Product_Name, Brand_Name, 
	  Category_Name, Inventory_Status
	) 
	SELECT 
	  NULL product_key, 
	  p.product_id, 
	  p.price, 
	  p.discount_percent, 
	  p.model_year, 
	  p.product_name, 
	  b.brand_name, 
	  c.category_name, 
	  p.inventory_status 
	FROM 
	  terrabikes.products p, 
	  terrabikes.brand b, 
	  terrabikes.category c 
	WHERE 
	  b.brand_id = p.brand_id 
	  AND c.category_id = p.category_id;

	-- Load Calendar Table
	INSERT INTO calendar (
	  Calendar_Key, Full_Date, Year, Month, 
	  Qtr, day_of_month, Week
	) 
	SELECT 
	  DISTINCT NULL, 
	  ordered_date, 
	  YEAR(ordered_date), 
	  MONTH(ordered_date), 
	  QUARTER(ordered_date), 
	  DAY(ordered_date), 
	  WEEK(ordered_date) 
	FROM 
	  terrabikes.orders;

	-- Load Region Table
	INSERT INTO region(Region_Key, Region, State) 
	SELECT 
	  DISTINCT NULL, 
	  region, 
	  state_name 
	FROM 
	  terrabikes.regions;

	-- Load Employee Table
	INSERT INTO Employee(
	  Employee_Key, Employee_ID, Employee_Name, 
	  Employee_Rating
	) 
	SELECT 
	  NULL, 
	  employee_id, 
	  CONCAT(first_name, ' ', last_name) employee_name, 
	  emp_rating 
	FROM 
	  terrabikes.employee;

	-- Load Customer Table
	INSERT INTO Customer(
	  Customer_Key, customer_id, Customer_Name
	) 
	SELECT 
	  NULL, 
	  customer_id, 
	  CONCAT(first_name, ' ', last_name) customer_name 
	FROM 
	  terrabikes.customer;

	-- Load Order Details Table
	INSERT INTO Order_Details(
	  Order_Detail_Key, Order_Id, Order_Detail_ID, 
	  Order_Date, order_status, Issue_category, Rating, 
	  status
	) 
	SELECT 
	  NULL, 
	  o.order_id, 
	  od.order_detail_id, 
	  o.ordered_date, 
      o.order_status,
	  (
		SELECT 
		  f.grevience_category 
		FROM 
		  terrabikes.feedback f 
		WHERE 
		  order_id = o.order_id 
		  AND record_type = 'GREVIANCE'
	  ) Issue_category, 
	  (
		SELECT 
		  f.rating 
		FROM 
		  terrabikes.feedback f 
		WHERE 
		  order_id = o.order_id 
		  AND record_type = 'FEEDBACK'
	  ) rating, 
	  (
		SELECT 
		  f.status 
		FROM 
		  terrabikes.feedback f 
		WHERE 
		  order_id = o.order_id 
		  AND record_type = 'GREVIANCE'
	  ) status 
	FROM 
	  terrabikes.orders o 
	  JOIN terrabikes.order_details od ON od.order_id = o.order_id 
	ORDER BY 
	  od.order_detail_id;

	-- Load Sales Table
	INSERT INTO Sales (
	  Product_Key, Calendar_Key, Order_Detail_Key, 
	  Region_Key, Customer_Key, Price, 
	  qty
	) 
	SELECT 
	  p.product_key, 
	  cd.calendar_key, 
	  od.order_detail_key, 
	  r.region_key, 
	  c.customer_key, 
	  todd.price, 
	  todd.quantity 
	FROM 
	  terrabikes.orders tod, 
	  terrabikes.order_details todd, 
	  terrabikes.customer tc, 
	  terrabikes.regions tr, 
	  customer c, 
	  region r, 
	  product p, 
	  order_details od, 
	  calendar cd 
	WHERE 
	  tod.order_id = todd.order_id 
	  AND tc.customer_id = tod.customer_id 
	  AND tr.region_id = tc.region_id 
	  AND c.customer_id = tc.customer_id 
	  AND r.state = tr.state_name 
	  AND r.region = tr.region 
	  AND p.product_id = todd.product_id 
	  AND od.order_detail_id = todd.order_detail_id 
	  AND cd.full_date = od.order_date;

	-- Load Performance Table
	INSERT INTO Performance (
	  Calendar_Key, Employee_Key, Region_Key, 
	  Order_Detail_Key, employee_ratings
	) 
	SELECT 
	  c.calendar_key, 
	  e.employee_key, 
	  r.region_key, 
	  od.order_detail_key, 
	  te.emp_rating 
	FROM 
	  terrabikes.orders tod, 
	  terrabikes.order_details todd, 
	  terrabikes.employee te, 
	  terrabikes.regions tre, 
	  calendar c, 
	  employee e, 
	  region r, 
	  order_details od 
	WHERE 
	  tod.order_id = todd.order_id 
	  AND te.employee_id = tod.employee_id 
	  AND tre.region_id = te.region_id --
	  AND c.full_date = tod.ordered_date 
	  AND e.employee_id = tod.employee_id 
	  AND r.state = tre.state_name 
	  AND r.region = tre.region 
	  AND od.order_detail_id = todd.order_detail_id;

  RETURN 'Success';
END ;;
DELIMITER ;
/*!50003 SET sql_mode              = @saved_sql_mode */ ;
/*!50003 SET character_set_client  = @saved_cs_client */ ;
/*!50003 SET character_set_results = @saved_cs_results */ ;
/*!50003 SET collation_connection  = @saved_col_connection */ ;
/*!50003 DROP PROCEDURE IF EXISTS `refresh_dwh_prc` */;
/*!50003 SET @saved_cs_client      = @@character_set_client */ ;
/*!50003 SET @saved_cs_results     = @@character_set_results */ ;
/*!50003 SET @saved_col_connection = @@collation_connection */ ;
/*!50003 SET character_set_client  = utf8mb4 */ ;
/*!50003 SET character_set_results = utf8mb4 */ ;
/*!50003 SET collation_connection  = utf8mb4_0900_ai_ci */ ;
/*!50003 SET @saved_sql_mode       = @@sql_mode */ ;
/*!50003 SET sql_mode              = 'ONLY_FULL_GROUP_BY,STRICT_TRANS_TABLES,NO_ZERO_IN_DATE,NO_ZERO_DATE,ERROR_FOR_DIVISION_BY_ZERO,NO_ENGINE_SUBSTITUTION' */ ;
DELIMITER ;;
CREATE DEFINER=`root`@`localhost` PROCEDURE `refresh_dwh_prc`(OUT o_status VARCHAR(20))
BEGIN
	SET FOREIGN_KEY_CHECKS = 0; 
    TRUNCATE TABLE Sales;
	TRUNCATE TABLE Performance;
	TRUNCATE TABLE Customer;
	TRUNCATE TABLE Region;
	TRUNCATE TABLE Product;
	TRUNCATE TABLE Calendar;
	TRUNCATE TABLE Order_Details;
	TRUNCATE TABLE Employee;
    SET FOREIGN_KEY_CHECKS = 1; 

	-- Load Products Table
	INSERT INTO Product(
	  Product_Key, Product_ID, Price, discount_percent, 
	  Model_Year, Product_Name, Brand_Name, 
	  Category_Name, Inventory_Status
	) 
	SELECT 
	  NULL product_key, 
	  p.product_id, 
	  p.price, 
	  p.discount_percent, 
	  p.model_year, 
	  p.product_name, 
	  b.brand_name, 
	  c.category_name, 
	  p.inventory_status 
	FROM 
	  terrabikes.products p, 
	  terrabikes.brand b, 
	  terrabikes.category c 
	WHERE 
	  b.brand_id = p.brand_id 
	  AND c.category_id = p.category_id;

	-- Load Calendar Table
	INSERT INTO calendar (
	  Calendar_Key, Full_Date, Year, Month, 
	  Qtr, day_of_month, Week
	) 
	SELECT 
	  DISTINCT NULL, 
	  ordered_date, 
	  YEAR(ordered_date), 
	  MONTH(ordered_date), 
	  QUARTER(ordered_date), 
	  DAY(ordered_date), 
	  WEEK(ordered_date) 
	FROM 
	  terrabikes.orders;

	-- Load Region Table
	INSERT INTO region(Region_Key, Region, State) 
	SELECT 
	  DISTINCT NULL, 
	  region, 
	  state_name 
	FROM 
	  terrabikes.regions;

	-- Load Employee Table
	INSERT INTO Employee(
	  Employee_Key, Employee_ID, Employee_Name, 
	  Employee_Rating
	) 
	SELECT 
	  NULL, 
	  employee_id, 
	  CONCAT(first_name, ' ', last_name) employee_name, 
	  emp_rating 
	FROM 
	  terrabikes.employee;

	-- Load Customer Table
	INSERT INTO Customer(
	  Customer_Key, customer_id, Customer_Name
	) 
	SELECT 
	  NULL, 
	  customer_id, 
	  CONCAT(first_name, ' ', last_name) customer_name 
	FROM 
	  terrabikes.customer;

	-- Load Order Details Table
	INSERT INTO Order_Details(
	  Order_Detail_Key, Order_Id, Order_Detail_ID, 
	  Order_Date, order_status, Issue_category, Rating, 
	  status
	) 
	SELECT 
	  NULL, 
	  o.order_id, 
	  od.order_detail_id, 
	  o.ordered_date, 
      o.order_status,
	  (
		SELECT 
		  f.grevience_category 
		FROM 
		  terrabikes.feedback f 
		WHERE 
		  order_id = o.order_id 
		  AND record_type = 'GREVIANCE'
	  ) Issue_category, 
	  (
		SELECT 
		  f.rating 
		FROM 
		  terrabikes.feedback f 
		WHERE 
		  order_id = o.order_id 
		  AND record_type = 'FEEDBACK'
	  ) rating, 
	  (
		SELECT 
		  f.status 
		FROM 
		  terrabikes.feedback f 
		WHERE 
		  order_id = o.order_id 
		  AND record_type = 'GREVIANCE'
	  ) status 
	FROM 
	  terrabikes.orders o 
	  JOIN terrabikes.order_details od ON od.order_id = o.order_id 
	ORDER BY 
	  od.order_detail_id;

	-- Load Sales Table
	INSERT INTO Sales (
	  Product_Key, Calendar_Key, Order_Detail_Key, 
	  Region_Key, Customer_Key, Price, 
	  qty
	) 
	SELECT 
	  p.product_key, 
	  cd.calendar_key, 
	  od.order_detail_key, 
	  r.region_key, 
	  c.customer_key, 
	  todd.price, 
	  todd.quantity 
	FROM 
	  terrabikes.orders tod, 
	  terrabikes.order_details todd, 
	  terrabikes.customer tc, 
	  terrabikes.regions tr, 
	  customer c, 
	  region r, 
	  product p, 
	  order_details od, 
	  calendar cd 
	WHERE 
	  tod.order_id = todd.order_id 
	  AND tc.customer_id = tod.customer_id 
	  AND tr.region_id = tc.region_id 
	  AND c.customer_id = tc.customer_id 
	  AND r.state = tr.state_name 
	  AND r.region = tr.region 
	  AND p.product_id = todd.product_id 
	  AND od.order_detail_id = todd.order_detail_id 
	  AND cd.full_date = od.order_date;

	-- Load Performance Table
	INSERT INTO Performance (
	  Calendar_Key, Employee_Key, Region_Key, 
	  Order_Detail_Key, employee_ratings
	) 
	SELECT 
	  c.calendar_key, 
	  e.employee_key, 
	  r.region_key, 
	  od.order_detail_key, 
	  te.emp_rating 
	FROM 
	  terrabikes.orders tod, 
	  terrabikes.order_details todd, 
	  terrabikes.employee te, 
	  terrabikes.regions tre, 
	  calendar c, 
	  employee e, 
	  region r, 
	  order_details od 
	WHERE 
	  tod.order_id = todd.order_id 
	  AND te.employee_id = tod.employee_id 
	  AND tre.region_id = te.region_id --
	  AND c.full_date = tod.ordered_date 
	  AND e.employee_id = tod.employee_id 
	  AND r.state = tre.state_name 
	  AND r.region = tre.region 
	  AND od.order_detail_id = todd.order_detail_id;

  SET o_status = 'Success';
END ;;
DELIMITER ;
/*!50003 SET sql_mode              = @saved_sql_mode */ ;
/*!50003 SET character_set_client  = @saved_cs_client */ ;
/*!50003 SET character_set_results = @saved_cs_results */ ;
/*!50003 SET collation_connection  = @saved_col_connection */ ;

--
-- Final view structure for view `employee_sales_view`
--

/*!50001 DROP VIEW IF EXISTS `employee_sales_view`*/;
/*!50001 SET @saved_cs_client          = @@character_set_client */;
/*!50001 SET @saved_cs_results         = @@character_set_results */;
/*!50001 SET @saved_col_connection     = @@collation_connection */;
/*!50001 SET character_set_client      = utf8mb4 */;
/*!50001 SET character_set_results     = utf8mb4 */;
/*!50001 SET collation_connection      = utf8mb4_0900_ai_ci */;
/*!50001 CREATE ALGORITHM=UNDEFINED */
/*!50013 DEFINER=`root`@`localhost` SQL SECURITY DEFINER */
/*!50001 VIEW `employee_sales_view` AS select `e`.`Employee_ID` AS `employee_id`,`e`.`Employee_Name` AS `employee_name`,`c`.`Year` AS `year`,`c`.`Full_Date` AS `full_date`,`od`.`Order_Detail_ID` AS `order_detail_id`,`od`.`Order_Id` AS `order_id`,`od`.`Rating` AS `rating`,`sa`.`Price` AS `price`,`r`.`Region` AS `region`,`r`.`State` AS `state` from (((((`calendar` `c` join `employee` `e`) join `sales` `sa`) join `performance` `p`) join `order_details` `od`) join `region` `r`) where ((`c`.`Calendar_Key` = `sa`.`Calendar_Key`) and (`e`.`Employee_Key` = `p`.`Employee_Key`) and (`p`.`Order_Detail_Key` = `sa`.`Order_Detail_Key`) and (`od`.`Order_Detail_Key` = `sa`.`Order_Detail_Key`) and (not((`e`.`Employee_Name` like 'ONLINE DIRECT'))) and (`r`.`Region_Key` = `p`.`Region_Key`)) */;
/*!50001 SET character_set_client      = @saved_cs_client */;
/*!50001 SET character_set_results     = @saved_cs_results */;
/*!50001 SET collation_connection      = @saved_col_connection */;
/*!40103 SET TIME_ZONE=@OLD_TIME_ZONE */;

/*!40101 SET SQL_MODE=@OLD_SQL_MODE */;
/*!40014 SET FOREIGN_KEY_CHECKS=@OLD_FOREIGN_KEY_CHECKS */;
/*!40014 SET UNIQUE_CHECKS=@OLD_UNIQUE_CHECKS */;
/*!40101 SET CHARACTER_SET_CLIENT=@OLD_CHARACTER_SET_CLIENT */;
/*!40101 SET CHARACTER_SET_RESULTS=@OLD_CHARACTER_SET_RESULTS */;
/*!40101 SET COLLATION_CONNECTION=@OLD_COLLATION_CONNECTION */;
/*!40111 SET SQL_NOTES=@OLD_SQL_NOTES */;

-- Dump completed on 2023-12-01 23:27:55
